Year,State,Smoke everyday,Smoke some days,Former smoker,Never smoked,Location 1
2010,Alabama,15.6,6.3,23.9,54.2,"Alabama
(32.840569999605975, -86.63186000013877)"
2010,Alaska,13.5,6.8,26.1,53.6,"Alaska
(64.84507999974238, -147.72205999986895)"
2010,Arizona,10.7,4.4,27.9,57.1,"Arizona
(34.86596999961597, -111.76380999973156)"
2010,Arkansas,17.3,5.6,24.1,53,"Arkansas
(34.748649999697875, -92.27448999971358)"
2010,California,7.5,4.6,23.1,64.8,"California
(37.638300000444815, -120.99958999997835)"
2010,Colorado,11.4,4.6,24.7,59.3,"Colorado
(38.842890000173554, -106.13314000041055)"
2010,Connecticut,9.2,4,29.2,57.6,"Connecticut
(41.56265999995918, -72.6498400002157)"
2010,Delaware,12.8,4.5,26.8,56,"Delaware
(39.00883000020451, -75.57774000040052)"
2010,District of Columbia,10,5.7,23.4,61,"District of Columbia
(38.89036999987576, -77.03195999965413)"
2010,Florida,12,5.2,29.8,53,"Florida
(28.932039999846268, -81.9289599999039)"
2010,Georgia,12.8,4.8,23.1,59.3,"Georgia
(32.83967999993223, -83.62758000031658)"
2010,Guam,19.7,6.1,16.6,57.6,"(13.45, 144.7833)"
2010,Hawaii,10.7,3.8,25.3,60.2,"Hawaii
(21.304850000427336, -157.85774999956269)"
2010,Idaho,11.3,4.4,22.9,61.5,"Idaho
(43.682590000228515, -114.36368000023168)"
2010,Illinois,11.5,5.4,23.6,59.5,"Illinois
(40.485010000411364, -88.99770999971656)"
2010,Indiana,16.3,5,25.1,53.7,"Indiana
(39.76690999989677, -86.14996000035359)"
2010,Iowa,12.1,4.1,23.4,60.4,"Iowa
(42.469390000048634, -93.81649000001335)"
2010,Kansas,11.9,5.1,24.2,58.8,"Kansas
(38.34774000000118, -98.20077999969709)"
2010,Kentucky,19.3,5.5,26,49.2,"Kentucky
(37.645969999815804, -84.77496999996538)"
2010,Louisiana,15.9,6.2,22,56,"Louisiana
(31.31265999975932, -92.44567999993188)"
2010,Maine,13.9,4.3,30.2,51.6,"Maine
(45.25423000041434, -68.9850299999344)"
2010,Maryland,10.5,4.7,23.9,60.9,"Maryland
(39.29057999976732, -76.6092600004485)"
2010,Massachusetts,10.2,3.9,29.3,56.6,"Massachusetts
(42.27687000005062, -72.08269000004333)"
2010,Michigan,13.5,5.4,25.3,55.7,"Michigan
(44.661320000317914, -84.71438999959867)"
2010,Minnesota,11.3,3.6,25.9,59.2,"Minnesota
(46.3556499998478, -94.79419999982997)"
2010,Mississippi,17.1,5.8,22,55,"Mississippi
(32.7455100000866, -89.53803000008429)"
2010,Missouri,16.6,4.4,26.1,52.8,"Missouri
(38.63578999960896, -92.5663000000448)"
2010,Montana,13.5,5.3,27.2,54,"Montana
(47.06653000015956, -109.42441999998289)"
2010,Nationwide (States and DC),12.4,4.8,25.1,56.6,
2010,"Nationwide (States, DC, and Territories)",12.3,4.8,24.7,56.8,
2010,Nebraska,12.5,4.7,25.2,57.6,"Nebraska
(41.6410400000961, -99.36572999973953)"
2010,Nevada,16.5,4.9,25.8,52.8,"Nevada
(39.49323999972637, -117.07183999971608)"
2010,New Hampshire,12.4,4.5,30.7,52.4,"New Hampshire
(43.65595000019255, -71.50036000041354)"
2010,New Jersey,10.2,4.2,26.1,59.4,"New Jersey
(40.13056999960594, -74.2736899996936)"
2010,New Mexico,11.4,7.1,24.7,56.9,"New Mexico
(34.52088000011207, -106.24057999976702)"
2010,New York,10.5,5,26.8,57.8,"New York
(42.82699999955048, -75.54396999981549)"
2010,North Carolina,14.3,5.4,24.5,55.8,"North Carolina
(35.46624999963797, -79.1593199999179)"
2010,North Dakota,12.2,5.1,24.1,58.6,"North Dakota
(47.475320000018144, -100.11841999998285)"
2010,Ohio,17.1,5.4,24.6,52.9,"Ohio
(40.06020999969189, -82.40426000019869)"
2010,Oklahoma,17.5,6.2,24.3,52,"Oklahoma
(35.4720099999617, -97.52034999975251)"
2010,Oregon,11,4.1,28.2,56.7,"Oregon
(44.567449999917756, -120.15502999983448)"
2010,Pennsylvania,13.4,5,26.2,55.4,"Pennsylvania
(40.79372999993973, -77.86069999960512)"
2010,Puerto Rico,7.5,4.4,17.3,70.8,"Puerto Rico
"
2010,Rhode Island,10.9,4.8,28.4,55.9,"Rhode Island
(41.70828000002217, -71.5224700001902)"
2010,South Carolina,14,7,24.1,54.9,"South Carolina
(33.99855000018255, -81.0452500001872)"
2010,South Dakota,11.3,4.1,27,57.6,"South Dakota
(44.353130000049646, -100.37353000040906)"
2010,Tennessee,15.7,4.4,22.9,57,"Tennessee
(35.68094000038087, -85.77449000011325)"
2010,Texas,10.5,5.3,21.3,62.9,"Texas
(31.82724000022597, -99.42676999973554)"
2010,Utah,6.4,2.7,14.3,76.6,"Utah
(39.36070000030492, -111.58712999994941)"
2010,Vermont,11.1,4.2,30.7,54,"Vermont
(43.625379999687425, -72.51764000028561)"
2010,Virginia,14.5,4,24.4,57,"Virginia
(37.54268000028196, -78.45789000012326)"
2010,Virgin Islands,3.6,2.2,10.5,83.7,"(18.3333, -64.8333)"
2010,Washington,11,4.2,25.5,59.3,"Washington
(47.522280000022135, -120.47001000026114)"
2010,West Virginia,23.2,3.6,24.4,48.8,"West Virginia
(38.66550999958696, -80.71263999973604)"
2010,Wisconsin,13.6,5.5,26.3,54.6,"Wisconsin
(44.39319000021851, -89.81636999977553)"
2010,Wyoming,14.9,4.6,24.6,55.9,"Wyoming
(43.23553999957147, -108.10982999975454)"
2009,Alabama,16.5,6,22.8,54.6,"Alabama
(32.840569999605975, -86.63186000013877)"
2009,Alaska,14.7,5.9,28.1,51.3,"Alaska
(64.84507999974238, -147.72205999986895)"
2009,Arizona,11,5.1,26,57.8,"Arizona
(34.86596999961597, -111.76380999973156)"
2009,Arkansas,15.5,5.9,28.1,50.4,"Arkansas
(34.748649999697875, -92.27448999971358)"
2009,California,8.1,4.7,23.2,63.9,"California
(37.638300000444815, -120.99958999997835)"
2009,Colorado,12.1,5,25.5,57.4,"Colorado
(38.842890000173554, -106.13314000041055)"
2009,Connecticut,10.7,4.7,28.2,56.3,"Connecticut
(41.56265999995918, -72.6498400002157)"
2009,Delaware,13.3,5,28.4,53.4,"Delaware
(39.00883000020451, -75.57774000040052)"
2009,District of Columbia,9.1,6.2,24.2,60.6,"District of Columbia
(38.89036999987576, -77.03195999965413)"
2009,Florida,12.8,4.3,27.6,55.3,"Florida
(28.932039999846268, -81.9289599999039)"
2009,Georgia,12.6,5.1,22,60.3,"Georgia
(32.83967999993223, -83.62758000031658)"
2009,Guam,18.9,5.2,11.1,64.8,"(13.45, 144.7833)"
2009,Hawaii,10.4,5,26.9,57.7,"Hawaii
(21.304850000427336, -157.85774999956269)"
2009,Idaho,12.3,4,22.1,61.6,"Idaho
(43.682590000228515, -114.36368000023168)"
2009,Illinois,12,6.6,23.1,58.3,"Illinois
(40.485010000411364, -88.99770999971656)"
2009,Indiana,17.1,6,23.7,53.2,"Indiana
(39.76690999989677, -86.14996000035359)"
2009,Iowa,13.4,3.8,24.2,58.7,"Iowa
(42.469390000048634, -93.81649000001335)"
2009,Kansas,13.2,4.6,23.3,58.8,"Kansas
(38.34774000000118, -98.20077999969709)"
2009,Kentucky,20.6,5,25.3,49.1,"Kentucky
(37.645969999815804, -84.77496999996538)"
2009,Louisiana,16.4,5.7,23.2,54.7,"Louisiana
(31.31265999975932, -92.44567999993188)"
2009,Maine,12.5,4.7,31.1,51.6,"Maine
(45.25423000041434, -68.9850299999344)"
2009,Maryland,10.4,4.8,23.4,61.5,"Maryland
(39.29057999976732, -76.6092600004485)"
2009,Massachusetts,10.9,4,28.5,56.6,"Massachusetts
(42.27687000005062, -72.08269000004333)"
2009,Michigan,13.7,5.9,25.5,54.9,"Michigan
(44.661320000317914, -84.71438999959867)"
2009,Minnesota,11.3,5.5,26.4,56.8,"Minnesota
(46.3556499998478, -94.79419999982997)"
2009,Mississippi,17.1,6.3,22.1,54.6,"Mississippi
(32.7455100000866, -89.53803000008429)"
2009,Missouri,18.3,4.8,24.8,52.1,"Missouri
(38.63578999960896, -92.5663000000448)"
2009,Montana,12.2,4.6,26.4,56.8,"Montana
(47.06653000015956, -109.42441999998289)"
2009,Nationwide (States and DC),12.8,5,25.5,55.3,
2009,"Nationwide (States, DC, and Territories)",12.7,5,25.5,55.5,
2009,Nebraska,12.9,3.8,24.6,58.7,"Nebraska
(41.6410400000961, -99.36572999973953)"
2009,Nevada,15.8,6.3,26.5,51.4,"Nevada
(39.49323999972637, -117.07183999971608)"
2009,New Hampshire,11.3,4.5,29.4,54.9,"New Hampshire
(43.65595000019255, -71.50036000041354)"
2009,New Jersey,10,5.8,25.4,58.8,"New Jersey
(40.13056999960594, -74.2736899996936)"
2009,New Mexico,11.2,6.7,25.8,56.2,"New Mexico
(34.52088000011207, -106.24057999976702)"
2009,New York,12.1,5.9,26.3,55.7,"New York
(42.82699999955048, -75.54396999981549)"
2009,North Carolina,14.4,5.9,26.2,53.5,"North Carolina
(35.46624999963797, -79.1593199999179)"
2009,North Dakota,13.4,5.2,24,57.4,"North Dakota
(47.475320000018144, -100.11841999998285)"
2009,Ohio,15.6,4.7,25.8,53.8,"Ohio
(40.06020999969189, -82.40426000019869)"
2009,Oklahoma,18.8,6.7,24.5,50,"Oklahoma
(35.4720099999617, -97.52034999975251)"
2009,Oregon,13.1,4.7,27.6,54.5,"Oregon
(44.567449999917756, -120.15502999983448)"
2009,Pennsylvania,15.1,5.1,26,53.7,"Pennsylvania
(40.79372999993973, -77.86069999960512)"
2009,Puerto Rico,6.9,3.7,18,71.5,"Puerto Rico
"
2009,Rhode Island,10.2,4.9,29.6,55.4,"Rhode Island
(41.70828000002217, -71.5224700001902)"
2009,South Carolina,14.6,5.7,24.5,55.2,"South Carolina
(33.99855000018255, -81.0452500001872)"
2009,South Dakota,12.5,5,27.2,55.3,"South Dakota
(44.353130000049646, -100.37353000040906)"
2009,Tennessee,17.6,4.4,24.7,53.3,"Tennessee
(35.68094000038087, -85.77449000011325)"
2009,Texas,11.7,6.2,21.6,60.5,"Texas
(31.82724000022597, -99.42676999973554)"
2009,Utah,6.9,2.9,15.1,75.1,"Utah
(39.36070000030492, -111.58712999994941)"
2009,Vermont,12.5,4.6,31.6,51.3,"Vermont
(43.625379999687425, -72.51764000028561)"
2009,Virginia,13.8,5.2,24.4,56.5,"Virginia
(37.54268000028196, -78.45789000012326)"
2009,Virgin Islands,3.9,2.6,11.1,82.5,"(18.3333, -64.8333)"
2009,Washington,10.7,4.2,26.7,58.4,"Washington
(47.522280000022135, -120.47001000026114)"
2009,West Virginia,20.7,4.9,24.5,49.9,"West Virginia
(38.66550999958696, -80.71263999973604)"
2009,Wisconsin,12.6,6.1,26.9,54.3,"Wisconsin
(44.39319000021851, -89.81636999977553)"
2009,Wyoming,15.3,4.6,26.1,54,"Wyoming
(43.23553999957147, -108.10982999975454)"
2008,Alabama,17.3,4.9,21.9,56,"Alabama
(32.840569999605975, -86.63186000013877)"
2008,Alaska,15.1,6.4,28.4,50,"Alaska
(64.84507999974238, -147.72205999986895)"
2008,Arizona,10.7,5.2,27.4,56.7,"Arizona
(34.86596999961597, -111.76380999973156)"
2008,Arkansas,17,5.4,26.3,51.4,"Arkansas
(34.748649999697875, -92.27448999971358)"
2008,California,8.9,5.1,23.3,62.7,"California
(37.638300000444815, -120.99958999997835)"
2008,Colorado,12.3,5.4,24.9,57.5,"Colorado
(38.842890000173554, -106.13314000041055)"
2008,Connecticut,11.6,4.3,30.1,54,"Connecticut
(41.56265999995918, -72.6498400002157)"
2008,Delaware,13.4,4.4,28.5,53.7,"Delaware
(39.00883000020451, -75.57774000040052)"
2008,District of Columbia,9.3,7,22.5,61.2,"District of Columbia
(38.89036999987576, -77.03195999965413)"
2008,Florida,12.8,4.7,26.1,56.4,"Florida
(28.932039999846268, -81.9289599999039)"
2008,Georgia,14.5,5,21.4,59.1,"Georgia
(32.83967999993223, -83.62758000031658)"
2008,Guam,21.2,6.2,19.4,53.2,
2008,Hawaii,11.8,3.7,25.4,59.2,"Hawaii
(21.304850000427336, -157.85774999956269)"
2008,Idaho,12.5,4.4,21.9,61.2,"Idaho
(43.682590000228515, -114.36368000023168)"
2008,Illinois,15.1,6.2,23.4,55.3,"Illinois
(40.485010000411364, -88.99770999971656)"
2008,Indiana,19.7,6.3,23,51,"Indiana
(39.76690999989677, -86.14996000035359)"
2008,Iowa,14.1,4.6,24.7,56.6,"Iowa
(42.469390000048634, -93.81649000001335)"
2008,Kansas,13.2,4.7,23.2,59,"Kansas
(38.34774000000118, -98.20077999969709)"
2008,Kentucky,20.5,4.7,25.3,49.5,"Kentucky
(37.645969999815804, -84.77496999996538)"
2008,Louisiana,16,4.5,19.9,59.7,"Louisiana
(31.31265999975932, -92.44567999993188)"
2008,Maine,14,4.1,31.7,50.1,"Maine
(45.25423000041434, -68.9850299999344)"
2008,Maryland,10.6,4.3,24.2,60.9,"Maryland
(39.29057999976732, -76.6092600004485)"
2008,Massachusetts,11.7,4.4,28.1,55.8,"Massachusetts
(42.27687000005062, -72.08269000004333)"
2008,Michigan,15,5.5,25.5,54.1,"Michigan
(44.661320000317914, -84.71438999959867)"
2008,Minnesota,12.1,5.5,27.1,55.4,"Minnesota
(46.3556499998478, -94.79419999982997)"
2008,Mississippi,17.2,5.5,22.2,55.1,"Mississippi
(32.7455100000866, -89.53803000008429)"
2008,Missouri,20.2,4.8,25,50.1,"Missouri
(38.63578999960896, -92.5663000000448)"
2008,Montana,13.8,4.7,26.8,54.7,"Montana
(47.06653000015956, -109.42441999998289)"
2008,Nationwide (States and DC),13.4,4.9,25.2,55.4,
2008,"Nationwide (States, DC, and Territories)",13.4,4.9,25.1,55.5,
2008,Nebraska,13.4,4.9,25,56.6,"Nebraska
(41.6410400000961, -99.36572999973953)"
2008,Nevada,16.4,5.8,25.1,52.7,"Nevada
(39.49323999972637, -117.07183999971608)"
2008,New Hampshire,12.8,4.2,31.1,51.9,"New Hampshire
(43.65595000019255, -71.50036000041354)"
2008,New Jersey,10.7,4.1,24.3,60.9,"New Jersey
(40.13056999960594, -74.2736899996936)"
2008,New Mexico,12.8,6.6,24.9,55.7,"New Mexico
(34.52088000011207, -106.24057999976702)"
2008,New York,11.8,5,25.4,57.8,"New York
(42.82699999955048, -75.54396999981549)"
2008,North Carolina,15.5,5.4,24.8,54.3,"North Carolina
(35.46624999963797, -79.1593199999179)"
2008,North Dakota,13.3,4.8,25.4,56.5,"North Dakota
(47.475320000018144, -100.11841999998285)"
2008,Ohio,15.5,4.6,25.4,54.4,"Ohio
(40.06020999969189, -82.40426000019869)"
2008,Oklahoma,18.5,6.2,24.7,50.6,"Oklahoma
(35.4720099999617, -97.52034999975251)"
2008,Oregon,11.8,4.5,24.7,59,"Oregon
(44.567449999917756, -120.15502999983448)"
2008,Pennsylvania,15.6,5.7,25.3,53.3,"Pennsylvania
(40.79372999993973, -77.86069999960512)"
2008,Puerto Rico,7.5,4.1,18.3,70.1,"Puerto Rico
"
2008,Rhode Island,13.4,4,28.1,54.5,"Rhode Island
(41.70828000002217, -71.5224700001902)"
2008,South Carolina,14.4,5.6,25.2,54.7,"South Carolina
(33.99855000018255, -81.0452500001872)"
2008,South Dakota,12,5.6,26.1,56.4,"South Dakota
(44.353130000049646, -100.37353000040906)"
2008,Tennessee,18,5.1,21.8,55,"Tennessee
(35.68094000038087, -85.77449000011325)"
2008,Texas,11.7,6.8,21.5,60,"Texas
(31.82724000022597, -99.42676999973554)"
2008,Utah,6.8,2.5,16.1,74.5,"Utah
(39.36070000030492, -111.58712999994941)"
2008,Vermont,12.2,4.6,32.2,51.1,"Vermont
(43.625379999687425, -72.51764000028561)"
2008,Virginia,12.4,4.1,24,59.5,"Virginia
(37.54268000028196, -78.45789000012326)"
2008,Virgin Islands,4.1,2.3,11.5,82.1,"Virgin Islands
"
2008,Washington,11.7,4,26.7,57.6,"Washington
(47.522280000022135, -120.47001000026114)"
2008,West Virginia,21.5,5.1,25.4,48.1,"West Virginia
(38.66550999958696, -80.71263999973604)"
2008,Wisconsin,14.1,5.7,26.7,53.5,"Wisconsin
(44.39319000021851, -89.81636999977553)"
2008,Wyoming,14.9,4.5,25.4,55.2,"Wyoming
(43.23553999957147, -108.10982999975454)"
2007,Alabama,16.5,6,23.2,54.3,"Alabama
(32.840569999605975, -86.63186000013877)"
2007,Alaska,15.6,6.7,27.1,50.7,"Alaska
(64.84507999974238, -147.72205999986895)"
2007,Arizona,13.6,6.1,24,56.2,"Arizona
(34.86596999961597, -111.76380999973156)"
2007,Arkansas,17.3,5.1,23.7,53.9,"Arkansas
(34.748649999697875, -92.27448999971358)"
2007,California,8.8,5.5,22.9,62.8,"California
(37.638300000444815, -120.99958999997835)"
2007,Colorado,13.4,5.3,24.6,56.7,"Colorado
(38.842890000173554, -106.13314000041055)"
2007,Connecticut,11.3,4.1,30.5,54.1,"Connecticut
(41.56265999995918, -72.6498400002157)"
2007,Delaware,15.1,3.8,26.1,54.9,"Delaware
(39.00883000020451, -75.57774000040052)"
2007,District of Columbia,11.1,6.1,22.4,60.4,"District of Columbia
(38.89036999987576, -77.03195999965413)"
2007,Florida,14.3,5,26.2,54.5,"Florida
(28.932039999846268, -81.9289599999039)"
2007,Georgia,14.7,4.7,22.7,57.9,"Georgia
(32.83967999993223, -83.62758000031658)"
2007,Guam,23.3,7.6,14.1,54.9,
2007,Hawaii,12.9,4.1,26,57,"Hawaii
(21.304850000427336, -157.85774999956269)"
2007,Idaho,14.5,4.6,22.6,58.3,"Idaho
(43.682590000228515, -114.36368000023168)"
2007,Illinois,13.7,6.4,23.5,56.4,"Illinois
(40.485010000411364, -88.99770999971656)"
2007,Indiana,18.2,5.9,22.8,53,"Indiana
(39.76690999989677, -86.14996000035359)"
2007,Iowa,14.5,5.3,23.5,56.7,"Iowa
(42.469390000048634, -93.81649000001335)"
2007,Kansas,13.7,4.2,23.3,58.8,"Kansas
(38.34774000000118, -98.20077999969709)"
2007,Kentucky,23.5,4.7,23.9,47.9,"Kentucky
(37.645969999815804, -84.77496999996538)"
2007,Louisiana,16.9,5.7,20.2,57.1,"Louisiana
(31.31265999975932, -92.44567999993188)"
2007,Maine,16.2,4,30.8,49.1,"Maine
(45.25423000041434, -68.9850299999344)"
2007,Maryland,11.5,5.6,23.7,59.3,"Maryland
(39.29057999976732, -76.6092600004485)"
2007,Massachusetts,12,4.4,28.5,55.1,"Massachusetts
(42.27687000005062, -72.08269000004333)"
2007,Michigan,15.8,5.4,24.8,54.1,"Michigan
(44.661320000317914, -84.71438999959867)"
2007,Minnesota,12.4,4.1,27.6,55.9,"Minnesota
(46.3556499998478, -94.79419999982997)"
2007,Mississippi,18.5,5.4,21.2,54.8,"Mississippi
(32.7455100000866, -89.53803000008429)"
2007,Missouri,19.8,4.7,23.4,52.1,"Missouri
(38.63578999960896, -92.5663000000448)"
2007,Montana,14.8,4.6,26.6,53.9,"Montana
(47.06653000015956, -109.42441999998289)"
2007,Nationwide (States and DC),14.5,5.2,24.6,54.8,
2007,"Nationwide (States, DC, and Territories)",14.5,5.2,24.4,54.9,
2007,Nebraska,14.5,5.5,23.8,56.2,"Nebraska
(41.6410400000961, -99.36572999973953)"
2007,Nevada,16.1,5.3,25.4,53.1,"Nevada
(39.49323999972637, -117.07183999971608)"
2007,New Hampshire,15.1,4.2,30.3,50.4,"New Hampshire
(43.65595000019255, -71.50036000041354)"
2007,New Jersey,12,5.1,24.7,58.2,"New Jersey
(40.13056999960594, -74.2736899996936)"
2007,New Mexico,13.1,7.6,24.8,54.4,"New Mexico
(34.52088000011207, -106.24057999976702)"
2007,New York,12.8,6.1,25.5,55.6,"New York
(42.82699999955048, -75.54396999981549)"
2007,North Carolina,17.6,5.3,24.8,52.3,"North Carolina
(35.46624999963797, -79.1593199999179)"
2007,North Dakota,15.1,5.9,25.3,53.8,"North Dakota
(47.475320000018144, -100.11841999998285)"
2007,Ohio,17.7,5.4,24.8,52.1,"Ohio
(40.06020999969189, -82.40426000019869)"
2007,Oklahoma,20,5.8,23.2,51,"Oklahoma
(35.4720099999617, -97.52034999975251)"
2007,Oregon,13.1,3.8,28.2,54.9,"Oregon
(44.567449999917756, -120.15502999983448)"
2007,Pennsylvania,15.1,5.8,23.9,55.1,"Pennsylvania
(40.79372999993973, -77.86069999960512)"
2007,Puerto Rico,7.5,4.7,19.2,68.6,"Puerto Rico
"
2007,Rhode Island,11.8,5.2,28.4,54.6,"Rhode Island
(41.70828000002217, -71.5224700001902)"
2007,South Carolina,16.2,5.7,25,53.1,"South Carolina
(33.99855000018255, -81.0452500001872)"
2007,South Dakota,14.2,5.6,24.3,55.9,"South Dakota
(44.353130000049646, -100.37353000040906)"
2007,Tennessee,20,4.3,24,51.8,"Tennessee
(35.68094000038087, -85.77449000011325)"
2007,Texas,13,6.4,20.7,60,"Texas
(31.82724000022597, -99.42676999973554)"
2007,Utah,8.3,3.4,15.8,72.5,"Utah
(39.36070000030492, -111.58712999994941)"
2007,Vermont,13.8,3.8,30.7,51.7,"Vermont
(43.625379999687425, -72.51764000028561)"
2007,Virginia,14.1,4.4,23.5,58,"Virginia
(37.54268000028196, -78.45789000012326)"
2007,Virgin Islands,5.6,3,11.9,79.5,"Virgin Islands
"
2007,Washington,12.2,4.6,26.2,57,"Washington
(47.522280000022135, -120.47001000026114)"
2007,West Virginia,21.7,5.2,24.5,48.6,"West Virginia
(38.66550999958696, -80.71263999973604)"
2007,Wisconsin,14.6,5,25.9,54.5,"Wisconsin
(44.39319000021851, -89.81636999977553)"
2007,Wyoming,17.5,4.6,24.8,53.1,"Wyoming
(43.23553999957147, -108.10982999975454)"
2006,Alabama,17.6,5.5,23.4,53.5,"Alabama
(32.840569999605975, -86.63186000013877)"
2006,Alaska,16.2,7.7,27.6,48.5,"Alaska
(64.84507999974238, -147.72205999986895)"
2006,Arizona,12.1,6.1,24.9,56.9,"Arizona
(34.86596999961597, -111.76380999973156)"
2006,Arkansas,18.8,4.8,25.1,51.2,"Arkansas
(34.748649999697875, -92.27448999971358)"
2006,California,9.4,5.5,24.2,60.8,"California
(37.638300000444815, -120.99958999997835)"
2006,Colorado,12.3,5.6,24.5,57.6,"Colorado
(38.842890000173554, -106.13314000041055)"
2006,Connecticut,11.9,5.1,28.2,54.8,"Connecticut
(41.56265999995918, -72.6498400002157)"
2006,Delaware,16.7,5.1,27.3,50.9,"Delaware
(39.00883000020451, -75.57774000040052)"
2006,District of Columbia,10.6,7.3,22.1,60,"District of Columbia
(38.89036999987576, -77.03195999965413)"
2006,Florida,16,5.1,26.1,52.9,"Florida
(28.932039999846268, -81.9289599999039)"
2006,Georgia,14.1,5.8,21.2,58.8,"Georgia
(32.83967999993223, -83.62758000031658)"
2006,Hawaii,13,4.6,25.1,57.3,"Hawaii
(21.304850000427336, -157.85774999956269)"
2006,Idaho,12.9,3.9,23,60.2,"Idaho
(43.682590000228515, -114.36368000023168)"
2006,Illinois,14.1,6.4,23.7,55.8,"Illinois
(40.485010000411364, -88.99770999971656)"
2006,Indiana,18.6,5.5,23.3,52.7,"Indiana
(39.76690999989677, -86.14996000035359)"
2006,Iowa,17.1,4.3,23.7,54.8,"Iowa
(42.469390000048634, -93.81649000001335)"
2006,Kansas,15.2,4.8,24.1,55.9,"Kansas
(38.34774000000118, -98.20077999969709)"
2006,Kentucky,24.3,4.3,24.3,47.2,"Kentucky
(37.645969999815804, -84.77496999996538)"
2006,Louisiana,17.7,5.7,20.1,56.4,"Louisiana
(31.31265999975932, -92.44567999993188)"
2006,Maine,15.9,5,30.4,48.7,"Maine
(45.25423000041434, -68.9850299999344)"
2006,Maryland,13,4.7,22.6,59.7,"Maryland
(39.29057999976732, -76.6092600004485)"
2006,Massachusetts,13,4.7,27.7,54.5,"Massachusetts
(42.27687000005062, -72.08269000004333)"
2006,Michigan,16.5,5.8,25.4,52.2,"Michigan
(44.661320000317914, -84.71438999959867)"
2006,Minnesota,13.8,4.5,27.6,54.1,"Minnesota
(46.3556499998478, -94.79419999982997)"
2006,Mississippi,17.9,7.2,21.1,53.8,"Mississippi
(32.7455100000866, -89.53803000008429)"
2006,Missouri,18.6,4.6,26.8,50,"Missouri
(38.63578999960896, -92.5663000000448)"
2006,Montana,13.3,5.6,26.8,54.3,"Montana
(47.06653000015956, -109.42441999998289)"
2006,Nationwide (States and DC),14.9,5.1,24.7,54.3,
2006,"Nationwide (States, DC, and Territories)",14.7,5.1,24.5,54.5,
2006,Nebraska,13.8,4.8,23.8,57.5,"Nebraska
(41.6410400000961, -99.36572999973953)"
2006,Nevada,15.6,6.5,25.6,52.3,"Nevada
(39.49323999972637, -117.07183999971608)"
2006,New Hampshire,14.3,4.4,29.7,51.6,"New Hampshire
(43.65595000019255, -71.50036000041354)"
2006,New Jersey,12.3,5.7,24.1,57.9,"New Jersey
(40.13056999960594, -74.2736899996936)"
2006,New Mexico,13.8,6.4,24.7,55.1,"New Mexico
(34.52088000011207, -106.24057999976702)"
2006,New York,13.4,4.9,24.5,57.3,"New York
(42.82699999955048, -75.54396999981549)"
2006,North Carolina,17,5.1,24.1,53.9,"North Carolina
(35.46624999963797, -79.1593199999179)"
2006,North Dakota,15.6,3.9,24.1,56.4,"North Dakota
(47.475320000018144, -100.11841999998285)"
2006,Ohio,16.8,5.6,24.3,53.3,"Ohio
(40.06020999969189, -82.40426000019869)"
2006,Oklahoma,18.9,6.2,23.7,51.2,"Oklahoma
(35.4720099999617, -97.52034999975251)"
2006,Oregon,13.6,4.8,25.7,55.8,"Oregon
(44.567449999917756, -120.15502999983448)"
2006,Pennsylvania,16.6,4.9,25.5,53,"Pennsylvania
(40.79372999993973, -77.86069999960512)"
2006,Puerto Rico,7.7,4.8,16.8,70.7,"Puerto Rico
"
2006,Rhode Island,14.9,4.3,28.8,52,"Rhode Island
(41.70828000002217, -71.5224700001902)"
2006,South Carolina,16.5,5.8,24.5,53.3,"South Carolina
(33.99855000018255, -81.0452500001872)"
2006,South Dakota,14.7,5.6,24.8,54.8,"South Dakota
(44.353130000049646, -100.37353000040906)"
2006,Tennessee,18.4,4.1,23.5,53.9,"Tennessee
(35.68094000038087, -85.77449000011325)"
2006,Texas,12.6,5.3,21.7,60.4,"Texas
(31.82724000022597, -99.42676999973554)"
2006,Utah,7.1,2.7,16.6,73.6,"Utah
(39.36070000030492, -111.58712999994941)"
2006,Vermont,14,4,30.9,51.1,"Vermont
(43.625379999687425, -72.51764000028561)"
2006,Virginia,14.7,4.6,25.2,55.5,"Virginia
(37.54268000028196, -78.45789000012326)"
2006,Virgin Islands,5.8,3.1,13.1,78,"Virgin Islands
"
2006,Washington,12.3,4.7,26.4,56.6,"Washington
(47.522280000022135, -120.47001000026114)"
2006,West Virginia,21.3,4.5,24.7,49.6,"West Virginia
(38.66550999958696, -80.71263999973604)"
2006,Wisconsin,15.2,5.6,26,53.2,"Wisconsin
(44.39319000021851, -89.81636999977553)"
2006,Wyoming,16.4,5.2,24.9,53.5,"Wyoming
(43.23553999957147, -108.10982999975454)"
2005,Alabama,18.8,6,20.9,54.3,"Alabama
(32.840569999605975, -86.63186000013877)"
2005,Alaska,18.8,6.2,23.8,51.2,"Alaska
(64.84507999974238, -147.72205999986895)"
2005,Arizona,13.7,6.6,25.5,54.3,"Arizona
(34.86596999961597, -111.76380999973156)"
2005,Arkansas,18.1,5.4,24.9,51.6,"Arkansas
(34.748649999697875, -92.27448999971358)"
2005,California,9.8,5.3,23.3,61.5,"California
(37.638300000444815, -120.99958999997835)"
2005,Colorado,13.5,6.3,24.8,55.4,"Colorado
(38.842890000173554, -106.13314000041055)"
2005,Connecticut,12.4,4.1,29.4,54.1,"Connecticut
(41.56265999995918, -72.6498400002157)"
2005,Delaware,15.5,5.2,27.2,52.1,"Delaware
(39.00883000020451, -75.57774000040052)"
2005,District of Columbia,11.6,8.5,21.5,58.5,"District of Columbia
(38.89036999987576, -77.03195999965413)"
2005,Florida,15.2,6.5,26.7,51.6,"Florida
(28.932039999846268, -81.9289599999039)"
2005,Georgia,16.4,5.8,21.9,56,"Georgia
(32.83967999993223, -83.62758000031658)"
2005,Hawaii,12.1,4.9,26.2,56.8,"Hawaii
(21.304850000427336, -157.85774999956269)"
2005,Idaho,13.3,4.6,22.7,59.3,"Idaho
(43.682590000228515, -114.36368000023168)"
2005,Illinois,14.2,5.7,24,56.1,"Illinois
(40.485010000411364, -88.99770999971656)"
2005,Indiana,20.8,6.4,22.9,49.8,"Indiana
(39.76690999989677, -86.14996000035359)"
2005,Iowa,16.1,4.3,24.8,54.8,"Iowa
(42.469390000048634, -93.81649000001335)"
2005,Kansas,13.6,4.2,24.4,57.8,"Kansas
(38.34774000000118, -98.20077999969709)"
2005,Kentucky,23.5,5.2,24,47.3,"Kentucky
(37.645969999815804, -84.77496999996538)"
2005,Louisiana,16.4,6.1,21,56.5,"Louisiana
(31.31265999975932, -92.44567999993188)"
2005,Maine,15.9,4.9,30.1,49.1,"Maine
(45.25423000041434, -68.9850299999344)"
2005,Maryland,13.4,5.5,22.9,58.3,"Maryland
(39.29057999976732, -76.6092600004485)"
2005,Massachusetts,13.5,4.6,27.5,54.5,"Massachusetts
(42.27687000005062, -72.08269000004333)"
2005,Michigan,16.7,5.4,26,52,"Michigan
(44.661320000317914, -84.71438999959867)"
2005,Minnesota,14.9,5.1,28.7,51.2,"Minnesota
(46.3556499998478, -94.79419999982997)"
2005,Mississippi,18.6,5.1,20.9,55.5,"Mississippi
(32.7455100000866, -89.53803000008429)"
2005,Missouri,18.5,4.9,24.2,52.4,"Missouri
(38.63578999960896, -92.5663000000448)"
2005,Montana,14.5,4.7,28.5,52.3,"Montana
(47.06653000015956, -109.42441999998289)"
2005,Nationwide (States and DC),15.3,5.3,24.8,54,
2005,"Nationwide (States, DC, and Territories)",15.3,5.2,24.4,54.1,
2005,Nebraska,16.1,5.2,22.7,56.1,"Nebraska
(41.6410400000961, -99.36572999973953)"
2005,Nevada,16.6,6.5,24,52.9,"Nevada
(39.49323999972637, -117.07183999971608)"
2005,New Hampshire,15.4,5,29.5,50.1,"New Hampshire
(43.65595000019255, -71.50036000041354)"
2005,New Jersey,12.8,5.2,25.5,56.5,"New Jersey
(40.13056999960594, -74.2736899996936)"
2005,New Mexico,14.6,6.9,24.4,54.1,"New Mexico
(34.52088000011207, -106.24057999976702)"
2005,New York,14.6,5.9,25.6,54,"New York
(42.82699999955048, -75.54396999981549)"
2005,North Carolina,17.1,5.5,23.6,53.8,"North Carolina
(35.46624999963797, -79.1593199999179)"
2005,North Dakota,15,5.2,25.5,54.4,"North Dakota
(47.475320000018144, -100.11841999998285)"
2005,Ohio,17.6,4.8,25.8,51.9,"Ohio
(40.06020999969189, -82.40426000019869)"
2005,Oklahoma,19,6,24,50.9,"Oklahoma
(35.4720099999617, -97.52034999975251)"
2005,Oregon,13.4,5.1,27.4,54,"Oregon
(44.567449999917756, -120.15502999983448)"
2005,Pennsylvania,17.9,5.7,25.4,51,"Pennsylvania
(40.79372999993973, -77.86069999960512)"
2005,Puerto Rico,7.9,5.2,16.9,70,"Puerto Rico
"
2005,Rhode Island,15.3,4.4,28.8,51.4,"Rhode Island
(41.70828000002217, -71.5224700001902)"
2005,South Carolina,17,5.5,24.4,53.1,"South Carolina
(33.99855000018255, -81.0452500001872)"
2005,South Dakota,13.8,6,25.4,54.8,"South Dakota
(44.353130000049646, -100.37353000040906)"
2005,Tennessee,20.4,6.3,22,51.3,"Tennessee
(35.68094000038087, -85.77449000011325)"
2005,Texas,13.2,6.8,21,59,"Texas
(31.82724000022597, -99.42676999973554)"
2005,Utah,8.5,3,16,72.5,"Utah
(39.36070000030492, -111.58712999994941)"
2005,Vermont,14.4,4.9,30.8,50,"Vermont
(43.625379999687425, -72.51764000028561)"
2005,Virginia,15.3,5.3,24.1,55.2,"Virginia
(37.54268000028196, -78.45789000012326)"
2005,Virgin Islands,5.3,2.8,12.8,79.1,"Virgin Islands
"
2005,Washington,12.5,5,27.3,55.1,"Washington
(47.522280000022135, -120.47001000026114)"
2005,West Virginia,21.3,5.4,24.3,49,"West Virginia
(38.66550999958696, -80.71263999973604)"
2005,Wisconsin,15.9,4.9,26.1,53.2,"Wisconsin
(44.39319000021851, -89.81636999977553)"
2005,Wyoming,16.3,5.1,26.7,51.9,"Wyoming
(43.23553999957147, -108.10982999975454)"
2004,Alabama,18.7,6.1,20.9,54.3,"Alabama
(32.840569999605975, -86.63186000013877)"
2004,Alaska,16.4,8.5,24,51.2,"Alaska
(64.84507999974238, -147.72205999986895)"
2004,Arizona,13.5,5.1,24.5,57,"Arizona
(34.86596999961597, -111.76380999973156)"
2004,Arkansas,19.4,6.2,24.7,49.8,"Arkansas
(34.748649999697875, -92.27448999971358)"
2004,California,10,4.7,24.2,61.1,"California
(37.638300000444815, -120.99958999997835)"
2004,Colorado,13.8,6.2,24.4,55.6,"Colorado
(38.842890000173554, -106.13314000041055)"
2004,Connecticut,13.2,4.9,30,51.9,"Connecticut
(41.56265999995918, -72.6498400002157)"
2004,Delaware,18.8,5.6,25.2,50.5,"Delaware
(39.00883000020451, -75.57774000040052)"
2004,District of Columbia,12.5,8.4,19.2,59.9,"District of Columbia
(38.89036999987576, -77.03195999965413)"
2004,Florida,14.6,5.7,25.8,53.9,"Florida
(28.932039999846268, -81.9289599999039)"
2004,Georgia,15,5,20.9,59.1,"Georgia
(32.83967999993223, -83.62758000031658)"
2004,Idaho,13.4,4.1,23.4,59.2,"Idaho
(43.682590000228515, -114.36368000023168)"
2004,Illinois,15.4,6.8,21.5,56.2,"Illinois
(40.485010000411364, -88.99770999971656)"
2004,Indiana,19.5,5.3,22.6,52.5,"Indiana
(39.76690999989677, -86.14996000035359)"
2004,Iowa,16.3,4.6,21.4,57.8,"Iowa
(42.469390000048634, -93.81649000001335)"
2004,Kansas,15.3,4.5,21.7,58.5,"Kansas
(38.34774000000118, -98.20077999969709)"
2004,Kentucky,23,4.5,20.4,52.1,"Kentucky
(37.645969999815804, -84.77496999996538)"
2004,Louisiana,16.9,6.6,20,56.5,"Louisiana
(31.31265999975932, -92.44567999993188)"
2004,Maine,17,3.9,31.3,47.8,"Maine
(45.25423000041434, -68.9850299999344)"
2004,Maryland,14.6,5,23,57.5,"Maryland
(39.29057999976732, -76.6092600004485)"
2004,Massachusetts,13.7,4.8,26.9,54.6,"Massachusetts
(42.27687000005062, -72.08269000004333)"
2004,Michigan,17.2,6.1,25.2,51.6,"Michigan
(44.661320000317914, -84.71438999959867)"
2004,Minnesota,15.2,5.5,26.8,52.5,"Minnesota
(46.3556499998478, -94.79419999982997)"
2004,Mississippi,18.1,6.5,19.3,56.2,"Mississippi
(32.7455100000866, -89.53803000008429)"
2004,Missouri,18.5,5.6,24.2,51.7,"Missouri
(38.63578999960896, -92.5663000000448)"
2004,Montana,15.8,4.6,25.1,54.5,"Montana
(47.06653000015956, -109.42441999998289)"
2004,Nationwide (States and DC),15.8,5.4,24.1,54.6,
2004,"Nationwide (States, DC, and Territories)",15.6,5.4,24,55,
2004,Nebraska,14.9,5.4,21.2,58.6,"Nebraska
(41.6410400000961, -99.36572999973953)"
2004,Nevada,16.5,6.8,24.4,52.3,"Nevada
(39.49323999972637, -117.07183999971608)"
2004,New Hampshire,16.5,5.1,28.5,49.8,"New Hampshire
(43.65595000019255, -71.50036000041354)"
2004,New Jersey,13,5.8,24.4,56.8,"New Jersey
(40.13056999960594, -74.2736899996936)"
2004,New Mexico,13.2,7.1,24.1,55.6,"New Mexico
(34.52088000011207, -106.24057999976702)"
2004,New York,14.2,5.7,24.2,55.9,"New York
(42.82699999955048, -75.54396999981549)"
2004,North Carolina,17.6,5.5,21.2,55.6,"North Carolina
(35.46624999963797, -79.1593199999179)"
2004,North Dakota,14.8,5.1,23.6,56.5,"North Dakota
(47.475320000018144, -100.11841999998285)"
2004,Ohio,20.8,5,22.1,52,"Ohio
(40.06020999969189, -82.40426000019869)"
2004,Oklahoma,19.9,6.2,22.5,51.4,"Oklahoma
(35.4720099999617, -97.52034999975251)"
2004,Oregon,14.3,5.8,24.7,55.3,"Oregon
(44.567449999917756, -120.15502999983448)"
2004,Pennsylvania,17.5,5.3,23.9,53.4,"Pennsylvania
(40.79372999993973, -77.86069999960512)"
2004,Puerto Rico,8.2,4.4,15.2,72.2,"Puerto Rico
"
2004,Rhode Island,15.8,5.5,28.8,49.9,"Rhode Island
(41.70828000002217, -71.5224700001902)"
2004,South Carolina,18,6.4,21.9,53.8,"South Carolina
(33.99855000018255, -81.0452500001872)"
2004,South Dakota,14.1,6.3,23.6,56,"South Dakota
(44.353130000049646, -100.37353000040906)"
2004,Tennessee,21.5,4.6,22.2,51.7,"Tennessee
(35.68094000038087, -85.77449000011325)"
2004,Texas,13.6,6.9,20.2,59.3,"Texas
(31.82724000022597, -99.42676999973554)"
2004,Utah,7.8,2.7,15.8,73.8,"Utah
(39.36070000030492, -111.58712999994941)"
2004,Vermont,15,5,30.6,49.4,"Vermont
(43.625379999687425, -72.51764000028561)"
2004,Virginia,15.9,5,23.3,55.8,"Virginia
(37.54268000028196, -78.45789000012326)"
2004,Virgin Islands,5.9,3.5,9.9,80.7,"Virgin Islands
"
2004,Washington,14,5.3,25.3,55.5,"Washington
(47.522280000022135, -120.47001000026114)"
2004,West Virginia,21.8,5.1,25.1,48,"West Virginia
(38.66550999958696, -80.71263999973604)"
2004,Wisconsin,16.5,5.4,24.3,53.8,"Wisconsin
(44.39319000021851, -89.81636999977553)"
2004,Wyoming,16.5,5.2,24.9,53.4,"Wyoming
(43.23553999957147, -108.10982999975454)"
2003,Alabama,19.7,5.7,23.9,50.8,"Alabama
(32.840569999605975, -86.63186000013877)"
2003,Alaska,19.3,7,26.1,47.7,"Alaska
(64.84507999974238, -147.72205999986895)"
2003,Arizona,15.4,5.5,26.2,53,"Arizona
(34.86596999961597, -111.76380999973156)"
2003,Arkansas,20.5,4.2,25.4,49.8,"Arkansas
(34.748649999697875, -92.27448999971358)"
2003,California,11.3,5.5,25.2,58,"California
(37.638300000444815, -120.99958999997835)"
2003,Colorado,13.8,4.7,27.2,54.2,"Colorado
(38.842890000173554, -106.13314000041055)"
2003,Connecticut,13.9,4.7,31.2,50.2,"Connecticut
(41.56265999995918, -72.6498400002157)"
2003,Delaware,16.9,5,28.1,50,"Delaware
(39.00883000020451, -75.57774000040052)"
2003,District of Columbia,13.9,8.1,22.2,55.8,"District of Columbia
(38.89036999987576, -77.03195999965413)"
2003,Florida,17.4,6.5,26.8,49.3,"Florida
(28.932039999846268, -81.9289599999039)"
2003,Georgia,16.5,6.2,21.7,55.6,"Georgia
(32.83967999993223, -83.62758000031658)"
2003,Guam,26.3,7.8,14.3,51.7,
2003,Hawaii,14.1,3.2,24.1,58.6,"Hawaii
(21.304850000427336, -157.85774999956269)"
2003,Idaho,15,4,23.5,57.6,"Idaho
(43.682590000228515, -114.36368000023168)"
2003,Illinois,17.1,6.3,24.4,52.2,"Illinois
(40.485010000411364, -88.99770999971656)"
2003,Indiana,21.1,5,24.4,49.5,"Indiana
(39.76690999989677, -86.14996000035359)"
2003,Iowa,16.2,5.4,24.5,53.8,"Iowa
(42.469390000048634, -93.81649000001335)"
2003,Kansas,16.3,4.1,23,56.6,"Kansas
(38.34774000000118, -98.20077999969709)"
2003,Kentucky,26.8,4,22.5,46.7,"Kentucky
(37.645969999815804, -84.77496999996538)"
2003,Louisiana,20.4,6.2,20.7,52.7,"Louisiana
(31.31265999975932, -92.44567999993188)"
2003,Maine,19.7,3.9,31.1,45.2,"Maine
(45.25423000041434, -68.9850299999344)"
2003,Maryland,15.2,4.9,23.7,56.2,"Maryland
(39.29057999976732, -76.6092600004485)"
2003,Massachusetts,14.5,4.6,31,49.9,"Massachusetts
(42.27687000005062, -72.08269000004333)"
2003,Michigan,20.7,5.4,25.8,48.1,"Michigan
(44.661320000317914, -84.71438999959867)"
2003,Minnesota,15.9,5.2,28.3,50.6,"Minnesota
(46.3556499998478, -94.79419999982997)"
2003,Mississippi,19.7,5.8,20.7,53.8,"Mississippi
(32.7455100000866, -89.53803000008429)"
2003,Missouri,23.1,4.1,24.3,48.5,"Missouri
(38.63578999960896, -92.5663000000448)"
2003,Montana,14.8,5.1,28.4,51.6,"Montana
(47.06653000015956, -109.42441999998289)"
2003,Nationwide (States and DC),16.9,5.1,25.2,52,
2003,"Nationwide (States, DC, and Territories)",16.7,5.1,25.2,52.1,
2003,Nebraska,16,5.3,24,54.7,"Nebraska
(41.6410400000961, -99.36572999973953)"
2003,Nevada,20.3,4.9,25.2,49.7,"Nevada
(39.49323999972637, -117.07183999971608)"
2003,New Hampshire,17,4.2,31,47.8,"New Hampshire
(43.65595000019255, -71.50036000041354)"
2003,New Jersey,14,5.4,26.3,54.3,"New Jersey
(40.13056999960594, -74.2736899996936)"
2003,New Mexico,15.8,6.2,25.9,52.1,"New Mexico
(34.52088000011207, -106.24057999976702)"
2003,New York,16.5,5.1,25.4,53,"New York
(42.82699999955048, -75.54396999981549)"
2003,North Carolina,18.8,6,23.2,52,"North Carolina
(35.46624999963797, -79.1593199999179)"
2003,North Dakota,16.1,4.4,25.6,53.9,"North Dakota
(47.475320000018144, -100.11841999998285)"
2003,Ohio,19.5,5.7,23.8,51,"Ohio
(40.06020999969189, -82.40426000019869)"
2003,Oklahoma,20.3,4.8,22.1,52.7,"Oklahoma
(35.4720099999617, -97.52034999975251)"
2003,Oregon,15.8,5.2,26.7,52.4,"Oregon
(44.567449999917756, -120.15502999983448)"
2003,Pennsylvania,20.2,5.3,25.2,49.4,"Pennsylvania
(40.79372999993973, -77.86069999960512)"
2003,Puerto Rico,8.9,4.6,17.7,68.8,"Puerto Rico
"
2003,Rhode Island,17.2,5.1,29.1,48.5,"Rhode Island
(41.70828000002217, -71.5224700001902)"
2003,South Carolina,19.6,5.9,23,51.5,"South Carolina
(33.99855000018255, -81.0452500001872)"
2003,South Dakota,16.4,6.3,25.3,52,"South Dakota
(44.353130000049646, -100.37353000040906)"
2003,Tennessee,21.1,4.5,18.9,55.4,"Tennessee
(35.68094000038087, -85.77449000011325)"
2003,Texas,15.6,6.5,21.6,56.3,"Texas
(31.82724000022597, -99.42676999973554)"
2003,Utah,8.6,3.3,16.6,71.5,"Utah
(39.36070000030492, -111.58712999994941)"
2003,Vermont,15.4,4.2,30.4,50.1,"Vermont
(43.625379999687425, -72.51764000028561)"
2003,Virginia,17.2,4.8,24,54,"Virginia
(37.54268000028196, -78.45789000012326)"
2003,Virgin Islands,7.9,2,13.6,76.4,"Virgin Islands
"
2003,Washington,14.6,5,26.2,54.2,"Washington
(47.522280000022135, -120.47001000026114)"
2003,West Virginia,22.6,4.8,25.8,46.9,"West Virginia
(38.66550999958696, -80.71263999973604)"
2003,Wisconsin,17.3,4.7,27.3,50.7,"Wisconsin
(44.39319000021851, -89.81636999977553)"
2003,Wyoming,19.8,4.8,26.2,49.1,"Wyoming
(43.23553999957147, -108.10982999975454)"
2002,Alabama,19.2,5.2,23.2,52.4,"Alabama
(32.840569999605975, -86.63186000013877)"
2002,Alaska,21.9,7.4,25.6,45,"Alaska
(64.84507999974238, -147.72205999986895)"
2002,Arizona,17.8,5.6,24.4,52.2,"Arizona
(34.86596999961597, -111.76380999973156)"
2002,Arkansas,21.5,4.8,24.9,48.8,"Arkansas
(34.748649999697875, -92.27448999971358)"
2002,California,11.1,5.3,23.9,59.6,"California
(37.638300000444815, -120.99958999997835)"
2002,Colorado,15.6,4.7,25.6,54,"Colorado
(38.842890000173554, -106.13314000041055)"
2002,Connecticut,14.4,5,30.4,50.2,"Connecticut
(41.56265999995918, -72.6498400002157)"
2002,Delaware,19.5,5.1,26.3,49,"Delaware
(39.00883000020451, -75.57774000040052)"
2002,District of Columbia,13.4,7,20.4,59.2,"District of Columbia
(38.89036999987576, -77.03195999965413)"
2002,Florida,17.8,4.2,25.1,52.9,"Florida
(28.932039999846268, -81.9289599999039)"
2002,Georgia,17.7,5.6,22.4,54.3,"Georgia
(32.83967999993223, -83.62758000031658)"
2002,Guam,24.8,7.1,15.5,52.6,
2002,Hawaii,17.1,3.9,24.3,54.7,"Hawaii
(21.304850000427336, -157.85774999956269)"
2002,Idaho,16.3,4.3,24.2,55.2,"Idaho
(43.682590000228515, -114.36368000023168)"
2002,Illinois,17.8,5.1,22.9,54.3,"Illinois
(40.485010000411364, -88.99770999971656)"
2002,Indiana,23,4.7,23.3,49.1,"Indiana
(39.76690999989677, -86.14996000035359)"
2002,Iowa,18.8,4.3,23.4,53.4,"Iowa
(42.469390000048634, -93.81649000001335)"
2002,Kansas,17.6,4.5,24.3,53.6,"Kansas
(38.34774000000118, -98.20077999969709)"
2002,Kentucky,29.1,3.5,22,45.5,"Kentucky
(37.645969999815804, -84.77496999996538)"
2002,Louisiana,19,4.9,19.2,57,"Louisiana
(31.31265999975932, -92.44567999993188)"
2002,Maine,19.6,4,33.4,43.1,"Maine
(45.25423000041434, -68.9850299999344)"
2002,Maryland,16.3,5.6,23.7,54.4,"Maryland
(39.29057999976732, -76.6092600004485)"
2002,Massachusetts,14.4,4.5,29.1,52,"Massachusetts
(42.27687000005062, -72.08269000004333)"
2002,Michigan,19.3,4.8,27.1,48.7,"Michigan
(44.661320000317914, -84.71438999959867)"
2002,Minnesota,16.2,5.5,26.8,51.4,"Minnesota
(46.3556499998478, -94.79419999982997)"
2002,Mississippi,21.4,5.9,20,52.7,"Mississippi
(32.7455100000866, -89.53803000008429)"
2002,Missouri,22,4.5,25.5,48,"Missouri
(38.63578999960896, -92.5663000000448)"
2002,Montana,15.7,5.5,26.1,52.7,"Montana
(47.06653000015956, -109.42441999998289)"
2002,Nationwide (States and DC),17.8,5,24.7,52,
2002,"Nationwide (States, DC, and Territories)",17.8,5,24.4,52.3,
2002,Nebraska,17.8,4.9,22.9,54.4,"Nebraska
(41.6410400000961, -99.36572999973953)"
2002,Nevada,21.1,5,24.7,49.2,"Nevada
(39.49323999972637, -117.07183999971608)"
2002,New Hampshire,18.6,4.6,30.2,46.6,"New Hampshire
(43.65595000019255, -71.50036000041354)"
2002,New Jersey,14,5,26,55,"New Jersey
(40.13056999960594, -74.2736899996936)"
2002,New Mexico,15,6.2,26,52.8,"New Mexico
(34.52088000011207, -106.24057999976702)"
2002,New York,16.9,5.4,25,52.7,"New York
(42.82699999955048, -75.54396999981549)"
2002,North Carolina,21.2,5.1,24.1,49.7,"North Carolina
(35.46624999963797, -79.1593199999179)"
2002,North Dakota,16.4,5.1,26.5,52,"North Dakota
(47.475320000018144, -100.11841999998285)"
2002,Ohio,21.4,5.2,24.7,48.7,"Ohio
(40.06020999969189, -82.40426000019869)"
2002,Oklahoma,21.8,4.8,21.8,51.6,"Oklahoma
(35.4720099999617, -97.52034999975251)"
2002,Oregon,17.3,5.1,28.1,49.4,"Oregon
(44.567449999917756, -120.15502999983448)"
2002,Pennsylvania,19.5,5.1,25.7,49.7,"Pennsylvania
(40.79372999993973, -77.86069999960512)"
2002,Puerto Rico,8.8,4.4,16.9,69.8,"Puerto Rico
"
2002,Rhode Island,17.5,4.9,29.6,48,"Rhode Island
(41.70828000002217, -71.5224700001902)"
2002,South Carolina,21,5.6,22.6,50.9,"South Carolina
(33.99855000018255, -81.0452500001872)"
2002,South Dakota,17.5,5.1,22.4,55,"South Dakota
(44.353130000049646, -100.37353000040906)"
2002,Tennessee,22.9,4.9,18.7,53.6,"Tennessee
(35.68094000038087, -85.77449000011325)"
2002,Texas,16.6,6.2,20.9,56.2,"Texas
(31.82724000022597, -99.42676999973554)"
2002,Utah,9.9,2.8,17.1,70.1,"Utah
(39.36070000030492, -111.58712999994941)"
2002,Vermont,16.7,4.4,32.3,46.5,"Vermont
(43.625379999687425, -72.51764000028561)"
2002,Virginia,19.4,5.3,22.4,53,"Virginia
(37.54268000028196, -78.45789000012326)"
2002,Virgin Islands,7,2.4,12.1,78.5,"Virgin Islands
"
2002,Washington,16.4,5,28.5,50.1,"Washington
(47.522280000022135, -120.47001000026114)"
2002,West Virginia,23.8,4.7,24.2,47.4,"West Virginia
(38.66550999958696, -80.71263999973604)"
2002,Wisconsin,18.5,4.9,27.3,49.4,"Wisconsin
(44.39319000021851, -89.81636999977553)"
2002,Wyoming,19.2,4.4,26.5,49.8,"Wyoming
(43.23553999957147, -108.10982999975454)"
2001,Alabama,17.4,6.5,23.4,52.8,"Alabama
(32.840569999605975, -86.63186000013877)"
2001,Alaska,19,7.2,26.9,46.9,"Alaska
(64.84507999974238, -147.72205999986895)"
2001,Arizona,15.5,6,25.4,53,"Arizona
(34.86596999961597, -111.76380999973156)"
2001,Arkansas,20.1,5.4,23.6,50.8,"Arkansas
(34.748649999697875, -92.27448999971358)"
2001,California,12.1,5.1,25.9,56.9,"California
(37.638300000444815, -120.99958999997835)"
2001,Colorado,15.4,6.9,26,51.7,"Colorado
(38.842890000173554, -106.13314000041055)"
2001,Connecticut,14.9,5.8,28.9,50.5,"Connecticut
(41.56265999995918, -72.6498400002157)"
2001,Delaware,19,6,25.4,49.5,"Delaware
(39.00883000020451, -75.57774000040052)"
2001,District of Columbia,12.2,8.5,23.3,55.9,"District of Columbia
(38.89036999987576, -77.03195999965413)"
2001,Florida,17.5,4.9,27.5,50.1,"Florida
(28.932039999846268, -81.9289599999039)"
2001,Georgia,17.5,6.1,21.2,55.1,"Georgia
(32.83967999993223, -83.62758000031658)"
2001,Guam,26.5,4.7,11.8,57,
2001,Hawaii,16.5,4,24,55.5,"Hawaii
(21.304850000427336, -157.85774999956269)"
2001,Idaho,15.2,4.4,24.4,56,"Idaho
(43.682590000228515, -114.36368000023168)"
2001,Illinois,17.4,6.3,23.7,52.5,"Illinois
(40.485010000411364, -88.99770999971656)"
2001,Indiana,21.5,5.9,22.6,50,"Indiana
(39.76690999989677, -86.14996000035359)"
2001,Iowa,17,5.1,24.6,53.2,"Iowa
(42.469390000048634, -93.81649000001335)"
2001,Kansas,16.9,5.4,24.3,53.5,"Kansas
(38.34774000000118, -98.20077999969709)"
2001,Kentucky,26.2,4.7,23.6,45.5,"Kentucky
(37.645969999815804, -84.77496999996538)"
2001,Louisiana,19,5.6,19.9,55.4,"Louisiana
(31.31265999975932, -92.44567999993188)"
2001,Maine,18.2,5.7,31.9,44.2,"Maine
(45.25423000041434, -68.9850299999344)"
2001,Maryland,15.3,5.8,24.7,54.2,"Maryland
(39.29057999976732, -76.6092600004485)"
2001,Massachusetts,14.8,4.7,29.9,50.6,"Massachusetts
(42.27687000005062, -72.08269000004333)"
2001,Michigan,19.7,5.9,25.7,48.7,"Michigan
(44.661320000317914, -84.71438999959867)"
2001,Minnesota,16.9,5.3,28.3,49.5,"Minnesota
(46.3556499998478, -94.79419999982997)"
2001,Mississippi,19.6,5.7,21.1,53.6,"Mississippi
(32.7455100000866, -89.53803000008429)"
2001,Missouri,20,5.9,24.5,49.6,"Missouri
(38.63578999960896, -92.5663000000448)"
2001,Montana,16.6,5.4,27.3,50.8,"Montana
(47.06653000015956, -109.42441999998289)"
2001,Nationwide (States and DC),17.4,5.7,24.7,51.3,
2001,"Nationwide (States, DC, and Territories)",17.4,5.6,24.7,51.8,
2001,Nebraska,15.8,4.4,22.3,57.4,"Nebraska
(41.6410400000961, -99.36572999973953)"
2001,Nevada,20.8,6.1,26.2,46.9,"Nevada
(39.49323999972637, -117.07183999971608)"
2001,New Hampshire,19,5.1,28.8,47.1,"New Hampshire
(43.65595000019255, -71.50036000041354)"
2001,New Jersey,15,6.1,26.2,52.7,"New Jersey
(40.13056999960594, -74.2736899996936)"
2001,New Mexico,16.1,7.7,24.9,51.2,"New Mexico
(34.52088000011207, -106.24057999976702)"
2001,New York,16.6,6.6,23.8,53,"New York
(42.82699999955048, -75.54396999981549)"
2001,North Carolina,21.3,4.5,23.8,50.4,"North Carolina
(35.46624999963797, -79.1593199999179)"
2001,North Dakota,15.6,6.5,24.8,53.1,"North Dakota
(47.475320000018144, -100.11841999998285)"
2001,Ohio,21.9,5.8,23.4,49,"Ohio
(40.06020999969189, -82.40426000019869)"
2001,Oklahoma,23.1,5.6,21.8,49.5,"Oklahoma
(35.4720099999617, -97.52034999975251)"
2001,Oregon,15,5.5,28.7,50.9,"Oregon
(44.567449999917756, -120.15502999983448)"
2001,Pennsylvania,18.9,5.6,24.2,51.3,"Pennsylvania
(40.79372999993973, -77.86069999960512)"
2001,Puerto Rico,8,4.5,17,70.5,"Puerto Rico
"
2001,Rhode Island,17.6,6.3,28.9,47.3,"Rhode Island
(41.70828000002217, -71.5224700001902)"
2001,South Carolina,19.3,6.7,21.3,52.6,"South Carolina
(33.99855000018255, -81.0452500001872)"
2001,South Dakota,16.6,5.8,25.2,52.5,"South Dakota
(44.353130000049646, -100.37353000040906)"
2001,Tennessee,19.7,4.7,19.1,56.6,"Tennessee
(35.68094000038087, -85.77449000011325)"
2001,Texas,15.5,6.9,20.7,56.9,"Texas
(31.82724000022597, -99.42676999973554)"
2001,Utah,9.1,4.1,17.1,69.7,"Utah
(39.36070000030492, -111.58712999994941)"
2001,Vermont,16.9,5.5,30,47.6,"Vermont
(43.625379999687425, -72.51764000028561)"
2001,Virginia,17.9,4.7,24.7,52.8,"Virginia
(37.54268000028196, -78.45789000012326)"
2001,Virgin Islands,6.9,2.7,12.6,77.8,"Virgin Islands
"
2001,Washington,16.4,6,27.6,49.9,"Washington
(47.522280000022135, -120.47001000026114)"
2001,West Virginia,23.5,4.6,24.7,47.1,"West Virginia
(38.66550999958696, -80.71263999973604)"
2001,Wisconsin,18.2,5.4,28.7,47.8,"Wisconsin
(44.39319000021851, -89.81636999977553)"
2001,Wyoming,17.3,4.9,26,51.9,"Wyoming
(43.23553999957147, -108.10982999975454)"
2000,Alabama,19.3,5.9,24,50.8,"Alabama
(32.840569999605975, -86.63186000013877)"
2000,Alaska,18.6,6.4,28.1,46.8,"Alaska
(64.84507999974238, -147.72205999986895)"
2000,Arizona,13.5,5.2,21.7,59.7,"Arizona
(34.86596999961597, -111.76380999973156)"
2000,Arkansas,19.9,5.2,24.5,50.4,"Arkansas
(34.748649999697875, -92.27448999971358)"
2000,California,12.1,5.1,26,56.7,"California
(37.638300000444815, -120.99958999997835)"
2000,Colorado,15,5,26.2,53.8,"Colorado
(38.842890000173554, -106.13314000041055)"
2000,Connecticut,15.3,4.6,27.8,52.3,"Connecticut
(41.56265999995918, -72.6498400002157)"
2000,Delaware,18.6,4.2,23.9,53.2,"Delaware
(39.00883000020451, -75.57774000040052)"
2000,District of Columbia,13.9,7,22,57.1,"District of Columbia
(38.89036999987576, -77.03195999965413)"
2000,Florida,17.7,5.5,27.4,49.4,"Florida
(28.932039999846268, -81.9289599999039)"
2000,Georgia,18.4,5.1,22.7,53.8,"Georgia
(32.83967999993223, -83.62758000031658)"
2000,Hawaii,15.8,3.9,24.2,56.2,"Hawaii
(21.304850000427336, -157.85774999956269)"
2000,Idaho,16.9,5.4,24.6,53.1,"Idaho
(43.682590000228515, -114.36368000023168)"
2000,Illinois,16.2,6.2,22.6,55.1,"Illinois
(40.485010000411364, -88.99770999971656)"
2000,Indiana,22.4,4.6,22.6,50.5,"Indiana
(39.76690999989677, -86.14996000035359)"
2000,Iowa,18.3,4.9,23.1,53.7,"Iowa
(42.469390000048634, -93.81649000001335)"
2000,Kansas,16.9,4.2,23.6,55.4,"Kansas
(38.34774000000118, -98.20077999969709)"
2000,Kentucky,26.8,3.7,23,46.5,"Kentucky
(37.645969999815804, -84.77496999996538)"
2000,Louisiana,18.6,5.5,19.5,56.5,"Louisiana
(31.31265999975932, -92.44567999993188)"
2000,Maine,20.7,3.1,29.9,46.3,"Maine
(45.25423000041434, -68.9850299999344)"
2000,Maryland,15.2,5.3,23.5,56,"Maryland
(39.29057999976732, -76.6092600004485)"
2000,Massachusetts,15.3,4.7,28.2,51.9,"Massachusetts
(42.27687000005062, -72.08269000004333)"
2000,Michigan,19.1,5,25.4,50.4,"Michigan
(44.661320000317914, -84.71438999959867)"
2000,Minnesota,15.2,4.5,23.1,57.1,"Minnesota
(46.3556499998478, -94.79419999982997)"
2000,Mississippi,18.8,4.7,20.5,56,"Mississippi
(32.7455100000866, -89.53803000008429)"
2000,Missouri,22.6,4.6,24.7,48.1,"Missouri
(38.63578999960896, -92.5663000000448)"
2000,Montana,15.9,2.9,29.8,51.4,"Montana
(47.06653000015956, -109.42441999998289)"
2000,Nationwide (States and DC),17.7,5.1,24.3,52.3,
2000,"Nationwide (States, DC, and Territories)",17.6,5.1,24.3,52.6,
2000,Nebraska,16.5,4.8,24.3,54.5,"Nebraska
(41.6410400000961, -99.36572999973953)"
2000,Nevada,22,7.1,26.7,44.3,"Nevada
(39.49323999972637, -117.07183999971608)"
2000,New Hampshire,19.7,5.6,29.7,45,"New Hampshire
(43.65595000019255, -71.50036000041354)"
2000,New Jersey,14.8,6.2,22.4,56.6,"New Jersey
(40.13056999960594, -74.2736899996936)"
2000,New Mexico,16.9,6.6,25.8,50.6,"New Mexico
(34.52088000011207, -106.24057999976702)"
2000,New York,15.9,5.7,25.6,52.9,"New York
(42.82699999955048, -75.54396999981549)"
2000,North Carolina,20.7,5.4,24.3,49.6,"North Carolina
(35.46624999963797, -79.1593199999179)"
2000,North Dakota,17.5,5.8,23.4,53.4,"North Dakota
(47.475320000018144, -100.11841999998285)"
2000,Ohio,21.1,5.1,23.2,50.6,"Ohio
(40.06020999969189, -82.40426000019869)"
2000,Oklahoma,19.8,3.5,19.3,57.4,"Oklahoma
(35.4720099999617, -97.52034999975251)"
2000,Oregon,15.3,5.4,28.3,50.9,"Oregon
(44.567449999917756, -120.15502999983448)"
2000,Pennsylvania,19.3,5.1,24.5,51.1,"Pennsylvania
(40.79372999993973, -77.86069999960512)"
2000,Puerto Rico,9.2,3.9,15.2,71.6,"Puerto Rico
"
2000,Rhode Island,18.3,5.1,26.7,49.9,"Rhode Island
(41.70828000002217, -71.5224700001902)"
2000,South Carolina,18.8,6.2,21.9,53.2,"South Carolina
(33.99855000018255, -81.0452500001872)"
2000,South Dakota,16.8,5.1,24.6,53.5,"South Dakota
(44.353130000049646, -100.37353000040906)"
2000,Tennessee,21.6,4,22.2,52.1,"Tennessee
(35.68094000038087, -85.77449000011325)"
2000,Texas,15.4,6.5,21.9,56.2,"Texas
(31.82724000022597, -99.42676999973554)"
2000,Utah,9.6,3.3,18.4,68.8,"Utah
(39.36070000030492, -111.58712999994941)"
2000,Vermont,16.5,4.9,30,48.5,"Vermont
(43.625379999687425, -72.51764000028561)"
2000,Virginia,16.1,5.3,23.3,55.3,"Virginia
(37.54268000028196, -78.45789000012326)"
2000,Washington,14.8,5.9,28.8,50.5,"Washington
(47.522280000022135, -120.47001000026114)"
2000,West Virginia,23.1,3,25.3,48.5,"West Virginia
(38.66550999958696, -80.71263999973604)"
2000,Wisconsin,18.1,6,27.1,48.8,"Wisconsin
(44.39319000021851, -89.81636999977553)"
2000,Wyoming,18.2,5.6,25.1,51.1,"Wyoming
(43.23553999957147, -108.10982999975454)"
1999,Alabama,18.1,5.3,24.2,52.3,"Alabama
(32.840569999605975, -86.63186000013877)"
1999,Alaska,19.2,8.1,25.7,47,"Alaska
(64.84507999974238, -147.72205999986895)"
1999,Arizona,17.9,2.2,17.8,62.1,"Arizona
(34.86596999961597, -111.76380999973156)"
1999,Arkansas,22.6,4.6,23.1,49.7,"Arkansas
(34.748649999697875, -92.27448999971358)"
1999,California,12.5,6.2,26.4,54.9,"California
(37.638300000444815, -120.99958999997835)"
1999,Colorado,17.5,4.9,25.8,51.7,"Colorado
(38.842890000173554, -106.13314000041055)"
1999,Connecticut,17.5,5.3,25.3,51.9,"Connecticut
(41.56265999995918, -72.6498400002157)"
1999,Delaware,20.7,4.8,23.9,50.6,"Delaware
(39.00883000020451, -75.57774000040052)"
1999,District of Columbia,13.4,7.1,16.1,63.3,"District of Columbia
(38.89036999987576, -77.03195999965413)"
1999,Florida,16.3,4.3,26.8,52.6,"Florida
(28.932039999846268, -81.9289599999039)"
1999,Georgia,18.3,5.4,22.5,53.7,"Georgia
(32.83967999993223, -83.62758000031658)"
1999,Hawaii,14.4,4.1,22.9,58.6,"Hawaii
(21.304850000427336, -157.85774999956269)"
1999,Idaho,16,5.5,24.3,54.2,"Idaho
(43.682590000228515, -114.36368000023168)"
1999,Illinois,19.8,4.5,23.8,51.9,"Illinois
(40.485010000411364, -88.99770999971656)"
1999,Indiana,22.5,4.5,22,51,"Indiana
(39.76690999989677, -86.14996000035359)"
1999,Iowa,18.9,4.6,24.6,51.9,"Iowa
(42.469390000048634, -93.81649000001335)"
1999,Kansas,18.1,3,22.5,56.4,"Kansas
(38.34774000000118, -98.20077999969709)"
1999,Kentucky,25.6,4.2,23.2,47.1,"Kentucky
(37.645969999815804, -84.77496999996538)"
1999,Louisiana,18.7,4.8,20.7,55.8,"Louisiana
(31.31265999975932, -92.44567999993188)"
1999,Maine,19.8,3.5,29.5,47.2,"Maine
(45.25423000041434, -68.9850299999344)"
1999,Maryland,15.5,4.8,24.2,55.5,"Maryland
(39.29057999976732, -76.6092600004485)"
1999,Massachusetts,15.2,4.1,25.8,55,"Massachusetts
(42.27687000005062, -72.08269000004333)"
1999,Michigan,19.5,5.6,23.6,51.3,"Michigan
(44.661320000317914, -84.71438999959867)"
1999,Minnesota,15.1,4.4,20,60.5,"Minnesota
(46.3556499998478, -94.79419999982997)"
1999,Mississippi,18.5,4.4,20.3,56.8,"Mississippi
(32.7455100000866, -89.53803000008429)"
1999,Missouri,22.7,4.3,24.7,48.2,"Missouri
(38.63578999960896, -92.5663000000448)"
1999,Montana,16,4.2,27.7,52.1,"Montana
(47.06653000015956, -109.42441999998289)"
1999,Nationwide (States and DC),18,4.8,24,52.4,
1999,"Nationwide (States, DC, and Territories)",18,4.8,24,52.5,
1999,Nebraska,18.2,5,22.1,54.7,"Nebraska
(41.6410400000961, -99.36572999973953)"
1999,Nevada,24.3,7.2,29,39.5,"Nevada
(39.49323999972637, -117.07183999971608)"
1999,New Hampshire,18,4.3,29,48.7,"New Hampshire
(43.65595000019255, -71.50036000041354)"
1999,New Jersey,14.6,6,21.3,58.1,"New Jersey
(40.13056999960594, -74.2736899996936)"
1999,New Mexico,16.4,6,24.6,52.9,"New Mexico
(34.52088000011207, -106.24057999976702)"
1999,New York,17,4.8,23.1,55.1,"New York
(42.82699999955048, -75.54396999981549)"
1999,North Carolina,21,4.2,23.2,51.6,"North Carolina
(35.46624999963797, -79.1593199999179)"
1999,North Dakota,17,5.1,24.7,53.1,"North Dakota
(47.475320000018144, -100.11841999998285)"
1999,Ohio,23.6,4,24,48.4,"Ohio
(40.06020999969189, -82.40426000019869)"
1999,Oklahoma,22.4,2.8,18.7,56.1,"Oklahoma
(35.4720099999617, -97.52034999975251)"
1999,Oregon,16.1,5.4,28.1,50.5,"Oregon
(44.567449999917756, -120.15502999983448)"
1999,Pennsylvania,18.4,4.7,23.3,53.6,"Pennsylvania
(40.79372999993973, -77.86069999960512)"
1999,Puerto Rico,9.7,4,15.3,71,"Puerto Rico
"
1999,Rhode Island,17.8,4.4,25.6,52.2,"Rhode Island
(41.70828000002217, -71.5224700001902)"
1999,South Carolina,18,5.6,20.4,56,"South Carolina
(33.99855000018255, -81.0452500001872)"
1999,South Dakota,17.6,4.8,25.1,52.4,"South Dakota
(44.353130000049646, -100.37353000040906)"
1999,Tennessee,21.9,2.9,20.7,54.4,"Tennessee
(35.68094000038087, -85.77449000011325)"
1999,Texas,15,7.5,23.3,54.3,"Texas
(31.82724000022597, -99.42676999973554)"
1999,Utah,10.3,3.7,17.3,68.8,"Utah
(39.36070000030492, -111.58712999994941)"
1999,Vermont,16.9,4.8,26.7,51.6,"Vermont
(43.625379999687425, -72.51764000028561)"
1999,Virginia,17,4.3,25.3,53.3,"Virginia
(37.54268000028196, -78.45789000012326)"
1999,Washington,17,5.3,26.8,50.8,"Washington
(47.522280000022135, -120.47001000026114)"
1999,West Virginia,23.8,3.3,23.8,49,"West Virginia
(38.66550999958696, -80.71263999973604)"
1999,Wisconsin,17.9,5.8,28.6,47.7,"Wisconsin
(44.39319000021851, -89.81636999977553)"
1999,Wyoming,19.1,4.8,24.9,51.2,"Wyoming
(43.23553999957147, -108.10982999975454)"
1998,Alabama,19.4,5.2,21.5,53.9,"Alabama
(32.840569999605975, -86.63186000013877)"
1998,Alaska,19.8,6.3,25.4,48.4,"Alaska
(64.84507999974238, -147.72205999986895)"
1998,Arizona,19.8,2.1,17.3,60.9,"Arizona
(34.86596999961597, -111.76380999973156)"
1998,Arkansas,22.2,3.7,24.2,49.9,"Arkansas
(34.748649999697875, -92.27448999971358)"
1998,California,13.6,5.6,26.2,54.6,"California
(37.638300000444815, -120.99958999997835)"
1998,Colorado,17.1,5.7,24.3,52.9,"Colorado
(38.842890000173554, -106.13314000041055)"
1998,Connecticut,15.3,5.6,28.2,50.9,"Connecticut
(41.56265999995918, -72.6498400002157)"
1998,Delaware,20.7,3.7,24.5,51,"Delaware
(39.00883000020451, -75.57774000040052)"
1998,District of Columbia,15.1,6.6,17,61.3,"District of Columbia
(38.89036999987576, -77.03195999965413)"
1998,Florida,18,4,26.1,51.9,"Florida
(28.932039999846268, -81.9289599999039)"
1998,Georgia,19.7,3.9,21.9,54.5,"Georgia
(32.83967999993223, -83.62758000031658)"
1998,Hawaii,15.8,3.7,26.1,54.4,"Hawaii
(21.304850000427336, -157.85774999956269)"
1998,Idaho,15.8,4.5,25.2,54.6,"Idaho
(43.682590000228515, -114.36368000023168)"
1998,Illinois,17,6.1,25,51.9,"Illinois
(40.485010000411364, -88.99770999971656)"
1998,Indiana,20.7,5.3,26,48,"Indiana
(39.76690999989677, -86.14996000035359)"
1998,Iowa,18.3,5.1,23.7,53,"Iowa
(42.469390000048634, -93.81649000001335)"
1998,Kansas,17.4,3.7,21.8,57.1,"Kansas
(38.34774000000118, -98.20077999969709)"
1998,Kentucky,28,2.8,22.9,46.3,"Kentucky
(37.645969999815804, -84.77496999996538)"
1998,Louisiana,20.5,5,19.8,54.7,"Louisiana
(31.31265999975932, -92.44567999993188)"
1998,Maine,19.4,2.9,31.3,46.4,"Maine
(45.25423000041434, -68.9850299999344)"
1998,Maryland,16.7,5.7,24.2,53.4,"Maryland
(39.29057999976732, -76.6092600004485)"
1998,Massachusetts,16.6,4.3,28,51.1,"Massachusetts
(42.27687000005062, -72.08269000004333)"
1998,Michigan,22.6,4.8,25.4,47.2,"Michigan
(44.661320000317914, -84.71438999959867)"
1998,Minnesota,13.3,4.7,18.6,63.4,"Minnesota
(46.3556499998478, -94.79419999982997)"
1998,Mississippi,19.1,5,21.9,54,"Mississippi
(32.7455100000866, -89.53803000008429)"
1998,Missouri,22.3,4,23.7,50,"Missouri
(38.63578999960896, -92.5663000000448)"
1998,Montana,18.5,2.9,26.7,51.8,"Montana
(47.06653000015956, -109.42441999998289)"
1998,Nationwide (States and DC),18.5,4.5,24.3,52,
1998,"Nationwide (States, DC, and Territories)",18.5,4.6,24.3,52.2,
1998,Nebraska,17.4,4.6,24.4,53.5,"Nebraska
(41.6410400000961, -99.36572999973953)"
1998,Nevada,23.6,6.7,24,45.6,"Nevada
(39.49323999972637, -117.07183999971608)"
1998,New Hampshire,18.2,5,28.5,48.2,"New Hampshire
(43.65595000019255, -71.50036000041354)"
1998,New Jersey,15.2,3.9,26.4,54.5,"New Jersey
(40.13056999960594, -74.2736899996936)"
1998,New Mexico,16.2,6.4,24.3,53.2,"New Mexico
(34.52088000011207, -106.24057999976702)"
1998,New York,18.4,5.7,24.3,51.6,"New York
(42.82699999955048, -75.54396999981549)"
1998,North Carolina,20.5,4.2,23.4,51.9,"North Carolina
(35.46624999963797, -79.1593199999179)"
1998,North Dakota,17,3,28.2,51.8,"North Dakota
(47.475320000018144, -100.11841999998285)"
1998,Ohio,21.6,4.5,23.6,50.3,"Ohio
(40.06020999969189, -82.40426000019869)"
1998,Oklahoma,20.2,3.6,19.6,56.5,"Oklahoma
(35.4720099999617, -97.52034999975251)"
1998,Oregon,16.3,4.8,27.4,51.6,"Oregon
(44.567449999917756, -120.15502999983448)"
1998,Pennsylvania,19.4,4.4,22.9,53.3,"Pennsylvania
(40.79372999993973, -77.86069999960512)"
1998,Puerto Rico,10.1,5.2,16.8,67.9,"Puerto Rico
"
1998,Rhode Island,18.2,4.4,29,48.4,"Rhode Island
(41.70828000002217, -71.5224700001902)"
1998,South Carolina,19.6,5.1,20.7,54.6,"South Carolina
(33.99855000018255, -81.0452500001872)"
1998,South Dakota,22,5.2,20.4,52.4,"South Dakota
(44.353130000049646, -100.37353000040906)"
1998,Tennessee,22.7,3.3,21.5,52.4,"Tennessee
(35.68094000038087, -85.77449000011325)"
1998,Texas,15.6,6.3,22.6,55.5,"Texas
(31.82724000022597, -99.42676999973554)"
1998,Utah,10.5,3.7,18.7,67.1,"Utah
(39.36070000030492, -111.58712999994941)"
1998,Vermont,18.6,3.7,28.6,49.1,"Vermont
(43.625379999687425, -72.51764000028561)"
1998,Virginia,18.1,4.8,23.2,53.9,"Virginia
(37.54268000028196, -78.45789000012326)"
1998,Washington,16.9,4.5,27.6,51.1,"Washington
(47.522280000022135, -120.47001000026114)"
1998,West Virginia,24.9,3.1,23.8,48.3,"West Virginia
(38.66550999958696, -80.71263999973604)"
1998,Wisconsin,18.7,4.7,29.4,47.2,"Wisconsin
(44.39319000021851, -89.81636999977553)"
1998,Wyoming,19,3.9,25.2,52,"Wyoming
(43.23553999957147, -108.10982999975454)"
1997,Alabama,20.8,3.9,22,53.3,"Alabama
(32.840569999605975, -86.63186000013877)"
1997,Alaska,22.3,4.2,24.7,48.8,"Alaska
(64.84507999974238, -147.72205999986895)"
1997,Arizona,18.4,2.7,13.6,65.3,"Arizona
(34.86596999961597, -111.76380999973156)"
1997,Arkansas,24.8,3.7,20.2,51.4,"Arkansas
(34.748649999697875, -92.27448999971358)"
1997,California,12.6,5.9,26.9,54.6,"California
(37.638300000444815, -120.99958999997835)"
1997,Colorado,17,5.5,25.5,51.9,"Colorado
(38.842890000173554, -106.13314000041055)"
1997,Connecticut,17.2,4.4,29.1,49.3,"Connecticut
(41.56265999995918, -72.6498400002157)"
1997,Delaware,22.3,4.3,26.5,46.9,"Delaware
(39.00883000020451, -75.57774000040052)"
1997,District of Columbia,11.8,7,15.8,65.4,"District of Columbia
(38.89036999987576, -77.03195999965413)"
1997,Florida,19.8,3.8,26.4,50,"Florida
(28.932039999846268, -81.9289599999039)"
1997,Georgia,17.6,4.8,15.3,62.3,"Georgia
(32.83967999993223, -83.62758000031658)"
1997,Hawaii,14.3,4.4,26.4,54.9,"Hawaii
(21.304850000427336, -157.85774999956269)"
1997,Idaho,15.6,4.3,24.3,55.8,"Idaho
(43.682590000228515, -114.36368000023168)"
1997,Illinois,17.8,5.4,25.8,51,"Illinois
(40.485010000411364, -88.99770999971656)"
1997,Indiana,21.7,4.7,23.5,50.2,"Indiana
(39.76690999989677, -86.14996000035359)"
1997,Iowa,18.7,4.4,24,52.9,"Iowa
(42.469390000048634, -93.81649000001335)"
1997,Kansas,18.3,4.3,19.4,58,"Kansas
(38.34774000000118, -98.20077999969709)"
1997,Kentucky,27.6,3.1,23.5,45.8,"Kentucky
(37.645969999815804, -84.77496999996538)"
1997,Louisiana,19.2,5.3,21.9,53.6,"Louisiana
(31.31265999975932, -92.44567999993188)"
1997,Maine,19.8,2.9,31,46.3,"Maine
(45.25423000041434, -68.9850299999344)"
1997,Maryland,17.6,2.9,22.8,56.8,"Maryland
(39.29057999976732, -76.6092600004485)"
1997,Massachusetts,16.4,4.1,29.7,49.8,"Massachusetts
(42.27687000005062, -72.08269000004333)"
1997,Michigan,21.2,4.8,25,48.9,"Michigan
(44.661320000317914, -84.71438999959867)"
1997,Minnesota,16.7,5.2,22.4,55.7,"Minnesota
(46.3556499998478, -94.79419999982997)"
1997,Mississippi,19,4.1,21.3,55.6,"Mississippi
(32.7455100000866, -89.53803000008429)"
1997,Missouri,24.6,4,21.6,49.7,"Missouri
(38.63578999960896, -92.5663000000448)"
1997,Montana,18,2.5,26.6,52.9,"Montana
(47.06653000015956, -109.42441999998289)"
1997,Nationwide (States and DC),19.1,4.3,24.3,51.9,
1997,"Nationwide (States, DC, and Territories)",19.1,4.3,24.3,52.1,
1997,Nebraska,18.5,3.6,22.7,55.2,"Nebraska
(41.6410400000961, -99.36572999973953)"
1997,Nevada,23.4,4.6,25.4,46.6,"Nevada
(39.49323999972637, -117.07183999971608)"
1997,New Hampshire,20,4.7,31.3,44,"New Hampshire
(43.65595000019255, -71.50036000041354)"
1997,New Jersey,16.6,4.7,26.2,52.4,"New Jersey
(40.13056999960594, -74.2736899996936)"
1997,New Mexico,15.5,6.5,25.3,52.6,"New Mexico
(34.52088000011207, -106.24057999976702)"
1997,New York,19.1,4,23.7,53.2,"New York
(42.82699999955048, -75.54396999981549)"
1997,North Carolina,21,4.9,22.4,51.8,"North Carolina
(35.46624999963797, -79.1593199999179)"
1997,North Dakota,19.7,2.6,24.4,53.3,"North Dakota
(47.475320000018144, -100.11841999998285)"
1997,Ohio,23.2,1.9,22.7,52.2,"Ohio
(40.06020999969189, -82.40426000019869)"
1997,Oklahoma,21.4,3.2,19.1,56.3,"Oklahoma
(35.4720099999617, -97.52034999975251)"
1997,Oregon,16.2,4.5,30.4,48.9,"Oregon
(44.567449999917756, -120.15502999983448)"
1997,Pennsylvania,20,4.2,22.7,53.1,"Pennsylvania
(40.79372999993973, -77.86069999960512)"
1997,Puerto Rico,9.4,5,15.7,69.9,"Puerto Rico
"
1997,Rhode Island,19.7,4.6,26.7,49,"Rhode Island
(41.70828000002217, -71.5224700001902)"
1997,South Carolina,20.2,3.2,20,56.6,"South Carolina
(33.99855000018255, -81.0452500001872)"
1997,South Dakota,18.8,5.6,25.8,49.9,"South Dakota
(44.353130000049646, -100.37353000040906)"
1997,Tennessee,23.7,3.3,21.3,51.7,"Tennessee
(35.68094000038087, -85.77449000011325)"
1997,Texas,16.2,6.3,20.3,57.1,"Texas
(31.82724000022597, -99.42676999973554)"
1997,Utah,11.1,2.6,17.2,69,"Utah
(39.36070000030492, -111.58712999994941)"
1997,Vermont,19.5,3.8,29.1,47.7,"Vermont
(43.625379999687425, -72.51764000028561)"
1997,Virginia,18.8,5.6,25.8,49.8,"Virginia
(37.54268000028196, -78.45789000012326)"
1997,Washington,18.6,5.2,26.9,49.3,"Washington
(47.522280000022135, -120.47001000026114)"
1997,West Virginia,24.5,2.9,24.3,48.2,"West Virginia
(38.66550999958696, -80.71263999973604)"
1997,Wisconsin,19.7,3.5,25.3,51.5,"Wisconsin
(44.39319000021851, -89.81636999977553)"
1997,Wyoming,19.5,4.5,25.4,50.6,"Wyoming
(43.23553999957147, -108.10982999975454)"
1996,Alabama,17.6,4.8,21.5,56.1,"Alabama
(32.840569999605975, -86.63186000013877)"
1996,Alaska,21.7,6,26,46.3,"Alaska
(64.84507999974238, -147.72205999986895)"
1996,Arizona,19.9,3.9,25.1,51.2,"Arizona
(34.86596999961597, -111.76380999973156)"
1996,Arkansas,21.9,3.4,18,56.7,"Arkansas
(34.748649999697875, -92.27448999971358)"
1996,California,13,5.6,25,56.4,"California
(37.638300000444815, -120.99958999997835)"
1996,Colorado,16.7,6.1,24.2,53.1,"Colorado
(38.842890000173554, -106.13314000041055)"
1996,Connecticut,17.4,4.4,28.2,50,"Connecticut
(41.56265999995918, -72.6498400002157)"
1996,Delaware,21,3.3,26.8,49,"Delaware
(39.00883000020451, -75.57774000040052)"
1996,District of Columbia,14.9,5.6,17.8,61.7,"District of Columbia
(38.89036999987576, -77.03195999965413)"
1996,Florida,18.1,3.7,30.7,47.5,"Florida
(28.932039999846268, -81.9289599999039)"
1996,Georgia,17.3,3,14.2,65.6,"Georgia
(32.83967999993223, -83.62758000031658)"
1996,Hawaii,18.3,4,24.1,53.7,"Hawaii
(21.304850000427336, -157.85774999956269)"
1996,Idaho,16.8,4.4,22.8,56,"Idaho
(43.682590000228515, -114.36368000023168)"
1996,Illinois,20.4,4.4,23.4,51.8,"Illinois
(40.485010000411364, -88.99770999971656)"
1996,Indiana,24.9,3.7,23.7,47.6,"Indiana
(39.76690999989677, -86.14996000035359)"
1996,Iowa,19.6,4,23.8,52.6,"Iowa
(42.469390000048634, -93.81649000001335)"
1996,Kansas,18.6,3.5,19.5,58.4,"Kansas
(38.34774000000118, -98.20077999969709)"
1996,Kentucky,27.9,3.8,23.2,45.2,"Kentucky
(37.645969999815804, -84.77496999996538)"
1996,Louisiana,21.9,4,21.5,52.7,"Louisiana
(31.31265999975932, -92.44567999993188)"
1996,Maine,22.6,2.8,27.8,46.9,"Maine
(45.25423000041434, -68.9850299999344)"
1996,Maryland,17.9,3,23.4,55.7,"Maryland
(39.29057999976732, -76.6092600004485)"
1996,Massachusetts,18.4,4.9,30.4,46.2,"Massachusetts
(42.27687000005062, -72.08269000004333)"
1996,Michigan,21,4.7,25.9,48.5,"Michigan
(44.661320000317914, -84.71438999959867)"
1996,Minnesota,15.6,5,23.1,56.3,"Minnesota
(46.3556499998478, -94.79419999982997)"
1996,Mississippi,19.7,3.5,21.1,55.7,"Mississippi
(32.7455100000866, -89.53803000008429)"
1996,Missouri,22.6,5.2,24.7,47.5,"Missouri
(38.63578999960896, -92.5663000000448)"
1996,Montana,19.1,2.6,27,51.3,"Montana
(47.06653000015956, -109.42441999998289)"
1996,Nationwide (States and DC),19.6,4,24,52,
1996,"Nationwide (States, DC, and Territories)",19.5,4,23.8,52.2,
1996,Nebraska,19.5,2.6,23.6,54.3,"Nebraska
(41.6410400000961, -99.36572999973953)"
1996,Nevada,25.1,3,26.8,45,"Nevada
(39.49323999972637, -117.07183999971608)"
1996,New Hampshire,20.6,4.2,29.1,46.1,"New Hampshire
(43.65595000019255, -71.50036000041354)"
1996,New Jersey,17.8,4.9,24.7,52.6,"New Jersey
(40.13056999960594, -74.2736899996936)"
1996,New Mexico,16.7,6.2,24.2,53,"New Mexico
(34.52088000011207, -106.24057999976702)"
1996,New York,19.2,4,23.7,53.1,"New York
(42.82699999955048, -75.54396999981549)"
1996,North Carolina,21.9,3.8,23.1,51.2,"North Carolina
(35.46624999963797, -79.1593199999179)"
1996,North Dakota,19.5,3.9,25.5,51.2,"North Dakota
(47.475320000018144, -100.11841999998285)"
1996,Ohio,25.7,2.7,21.4,50.2,"Ohio
(40.06020999969189, -82.40426000019869)"
1996,Oklahoma,21.5,2.5,18.4,57.5,"Oklahoma
(35.4720099999617, -97.52034999975251)"
1996,Oregon,19.1,4.3,27.7,48.9,"Oregon
(44.567449999917756, -120.15502999983448)"
1996,Pennsylvania,20.3,4.2,23.2,52.3,"Pennsylvania
(40.79372999993973, -77.86069999960512)"
1996,Puerto Rico,9.4,5.1,16,69.5,"Puerto Rico
"
1996,Rhode Island,17.8,4.7,27.1,50.4,"Rhode Island
(41.70828000002217, -71.5224700001902)"
1996,South Carolina,21.4,3,20.2,55.3,"South Carolina
(33.99855000018255, -81.0452500001872)"
1996,South Dakota,17.9,2.8,25.2,54.1,"South Dakota
(44.353130000049646, -100.37353000040906)"
1996,Tennessee,25,2.9,19.9,52.2,"Tennessee
(35.68094000038087, -85.77449000011325)"
1996,Texas,17,5.9,21.2,55.9,"Texas
(31.82724000022597, -99.42676999973554)"
1996,Vermont,18.9,5.2,29.2,46.7,"Vermont
(43.625379999687425, -72.51764000028561)"
1996,Virginia,19.6,5.2,22.9,52.3,"Virginia
(37.54268000028196, -78.45789000012326)"
1996,Washington,19.1,4.4,26.8,49.7,"Washington
(47.522280000022135, -120.47001000026114)"
1996,West Virginia,23.9,2.8,22.9,50.5,"West Virginia
(38.66550999958696, -80.71263999973604)"
1996,Wisconsin,19.7,5.2,25.9,49.2,"Wisconsin
(44.39319000021851, -89.81636999977553)"
1996,Wyoming,20.1,4.5,25.1,50.3,"Wyoming
(43.23553999957147, -108.10982999975454)"
1995,Alabama,21.9,2.1,21.1,54.8,"Alabama
(32.840569999605975, -86.63186000013877)"
1995,Alaska,22.3,2.6,27.2,47.9,"Alaska
(64.84507999974238, -147.72205999986895)"
1995,Arizona,20.3,2.4,25.6,51.7,"Arizona
(34.86596999961597, -111.76380999973156)"
1995,Arkansas,22.7,2.3,23.5,51.5,"Arkansas
(34.748649999697875, -92.27448999971358)"
1995,California,12.7,2.5,28.2,56.7,"California
(37.638300000444815, -120.99958999997835)"
1995,Colorado,17.9,3.6,27.4,51.1,"Colorado
(38.842890000173554, -106.13314000041055)"
1995,Connecticut,18.6,2,28.8,50.7,"Connecticut
(41.56265999995918, -72.6498400002157)"
1995,Delaware,23,2.3,25.8,48.9,"Delaware
(39.00883000020451, -75.57774000040052)"
1995,Florida,20.3,2.7,28.5,48.5,"Florida
(28.932039999846268, -81.9289599999039)"
1995,Georgia,18.4,1.9,18.1,61.6,"Georgia
(32.83967999993223, -83.62758000031658)"
1995,Hawaii,15.1,2.5,21.6,60.9,"Hawaii
(21.304850000427336, -157.85774999956269)"
1995,Idaho,18,1.6,24.1,56.2,"Idaho
(43.682590000228515, -114.36368000023168)"
1995,Illinois,19.9,2.9,23.7,53.4,"Illinois
(40.485010000411364, -88.99770999971656)"
1995,Indiana,24.3,2.7,23,50,"Indiana
(39.76690999989677, -86.14996000035359)"
1995,Iowa,20.2,2.9,23.9,53,"Iowa
(42.469390000048634, -93.81649000001335)"
1995,Kansas,18.6,3,24.3,54.1,"Kansas
(38.34774000000118, -98.20077999969709)"
1995,Kentucky,24.9,2.7,22.3,50.1,"Kentucky
(37.645969999815804, -84.77496999996538)"
1995,Louisiana,21.1,4,22.3,52.7,"Louisiana
(31.31265999975932, -92.44567999993188)"
1995,Maine,22.2,2.5,27.2,48.1,"Maine
(45.25423000041434, -68.9850299999344)"
1995,Maryland,18,3.1,20.6,58.3,"Maryland
(39.29057999976732, -76.6092600004485)"
1995,Massachusetts,18.8,2.8,30,48.4,"Massachusetts
(42.27687000005062, -72.08269000004333)"
1995,Michigan,21.5,4.1,28.3,46.2,"Michigan
(44.661320000317914, -84.71438999959867)"
1995,Minnesota,17.4,2.9,23.6,56.1,"Minnesota
(46.3556499998478, -94.79419999982997)"
1995,Mississippi,20.5,2.8,20.8,55.8,"Mississippi
(32.7455100000866, -89.53803000008429)"
1995,Missouri,21.9,2.2,27.1,48.8,"Missouri
(38.63578999960896, -92.5663000000448)"
1995,Montana,18.9,2.2,29.2,49.8,"Montana
(47.06653000015956, -109.42441999998289)"
1995,Nationwide (States and DC),19.9,2.6,25.3,51.6,
1995,"Nationwide (States, DC, and Territories)",19.9,2.6,25.3,51.6,
1995,Nebraska,19.4,2.4,25.7,52.5,"Nebraska
(41.6410400000961, -99.36572999973953)"
1995,Nevada,23.3,2.5,26.8,47.4,"Nevada
(39.49323999972637, -117.07183999971608)"
1995,New Hampshire,18.8,2.3,32.7,46.2,"New Hampshire
(43.65595000019255, -71.50036000041354)"
1995,New Jersey,15.3,3.7,25.3,55.7,"New Jersey
(40.13056999960594, -74.2736899996936)"
1995,New Mexico,17.6,3.1,27.7,51.7,"New Mexico
(34.52088000011207, -106.24057999976702)"
1995,New York,19.1,2.2,25.3,53.4,"New York
(42.82699999955048, -75.54396999981549)"
1995,North Carolina,23,2.7,22.6,51.6,"North Carolina
(35.46624999963797, -79.1593199999179)"
1995,North Dakota,20.1,2.5,24.2,53.2,"North Dakota
(47.475320000018144, -100.11841999998285)"
1995,Ohio,23.6,2.2,24,50.2,"Ohio
(40.06020999969189, -82.40426000019869)"
1995,Oklahoma,20.2,1.3,17.4,61.2,"Oklahoma
(35.4720099999617, -97.52034999975251)"
1995,Oregon,18.5,3.2,28.4,49.9,"Oregon
(44.567449999917756, -120.15502999983448)"
1995,Pennsylvania,20.4,3.3,28.3,48,"Pennsylvania
(40.79372999993973, -77.86069999960512)"
1995,Rhode Island,21.3,3.5,29.2,46,"Rhode Island
(41.70828000002217, -71.5224700001902)"
1995,South Carolina,20.9,2.5,20.4,56.1,"South Carolina
(33.99855000018255, -81.0452500001872)"
1995,South Dakota,19.8,1.9,24,54.2,"South Dakota
(44.353130000049646, -100.37353000040906)"
1995,Tennessee,24.2,1.9,19.8,54.1,"Tennessee
(35.68094000038087, -85.77449000011325)"
1995,Texas,19.9,3.6,23.7,52.8,"Texas
(31.82724000022597, -99.42676999973554)"
1995,Vermont,18.9,3.2,31.5,46.5,"Vermont
(43.625379999687425, -72.51764000028561)"
1995,Virginia,18.7,2.7,25.2,53.5,"Virginia
(37.54268000028196, -78.45789000012326)"
1995,Washington,17.5,2.4,29.9,50.2,"Washington
(47.522280000022135, -120.47001000026114)"
1995,West Virginia,23.7,1.9,23.3,51.1,"West Virginia
(38.66550999958696, -80.71263999973604)"
1995,Wisconsin,18.2,3.5,27.6,50.7,"Wisconsin
(44.39319000021851, -89.81636999977553)"
1995,Wyoming,19.1,2.9,26.8,51.2,"Wyoming
(43.23553999957147, -108.10982999975454)"
